id, seq, n, rsa, asa, q3, p[q3_H], p[q3_E], p[q3_C], q8, p[q8_G], p[q8_H], p[q8_I], p[q8_B], p[q8_E], p[q8_S], p[q8_T], p[q8_C], phi, psi, disorder
>Sequence,G,1,0.918883204460144,95.56385326385498,C,0.00041120449895970523,0.00026921890093944967,0.9993195533752441,C,9.76968149188906e-05,0.00013377063442021608,3.7050967875984497e-06,3.0099869036348537e-05,0.00022451642144005746,0.0020496556535363197,0.00534195126965642,0.9921185970306396,35.84904098510742,-159.3941650390625,0.6083788871765137
>Sequence,M,2,0.7035529017448425,157.59584999084473,C,0.002406194806098938,0.006167344283312559,0.9914264678955078,C,0.001173299620859325,0.0008283367496915162,2.3419770514010452e-05,0.0008733370341360569,0.005266539286822081,0.040533363819122314,0.02106756903231144,0.9302340745925903,-92.43805694580078,155.4337921142578,0.2976135313510895
>Sequence,T,3,0.6738508343696594,115.90234351158142,C,0.0012637646868824959,0.01934243179857731,0.9793938398361206,C,0.0006508309743367136,0.0003397731052245945,1.2851635801780503e-05,0.0005602605524472892,0.020277995616197586,0.07580190896987915,0.015595898032188416,0.886760413646698,-93.6868896484375,117.72696685791016,0.09043559432029724
>Sequence,E,4,0.4662703275680542,103.97828304767609,C,0.0011298771714791656,0.495210200548172,0.5036599636077881,C,0.0005149479839019477,0.000373613293049857,1.6373194739571773e-05,0.0027861837297677994,0.47235095500946045,0.017546702176332474,0.003289975458756089,0.5031212568283081,-119.55106353759766,141.46766662597656,0.02728983946144581
>Sequence,Y,5,0.1886478066444397,49.61437314748764,E,0.0003747632435988635,0.9237833619117737,0.07584181427955627,E,0.00010358371218899265,0.00013174372725188732,7.462324447260471e-06,0.0007843416533432901,0.9244223833084106,0.001865132013335824,0.00023349473485723138,0.07245177030563354,-127.4723892211914,143.8953857421875,0.010444692336022854
>Sequence,K,6,0.18980464339256287,44.793895840644836,E,0.00041794724529609084,0.9840255379676819,0.015556512400507927,E,9.338054223917425e-05,0.00016407248040195554,2.9738544071733486e-06,0.00046132190618664026,0.9845021367073059,0.0003979472385253757,0.00010059263877337798,0.014277585782110691,-105.81364440917969,131.0076904296875,0.00308429473079741
>Sequence,L,7,0.020023712888360023,4.024766290560365,E,0.00016010308172553778,0.9952571988105774,0.004582718946039677,E,3.093321356573142e-05,6.078087608329952e-05,1.8017177580986754e-06,0.000263590132817626,0.9951910972595215,0.0001277917472179979,3.8550981116713956e-05,0.0042855022475123405,-114.81432342529297,127.78506469726562,0.0018957521533593535
>Sequence,V,8,0.01806308887898922,3.142977464944124,E,0.00010138251673197374,0.9952558875083923,0.0046426705084741116,E,1.9241742847952992e-05,5.028738814871758e-05,2.2090482616476947e-06,0.00031079453765414655,0.9950496554374695,0.00018602493219077587,3.8547779695363715e-05,0.004343187902122736,-113.5438232421875,133.69529724121094,0.0006418544799089432
>Sequence,V,9,0.01926824077963829,3.3526738956570625,E,0.0003634373133536428,0.9831689596176147,0.016467656940221786,E,0.000113924645120278,0.00017650346853770316,1.0692237083276268e-05,0.001028881873935461,0.9822661876678467,0.0006451326189562678,0.00033236792660318315,0.01542635913938284,-105.603515625,125.25981903076172,0.0006998986355029047
>Sequence,V,10,0.02751246839761734,4.787169501185417,E,0.0006681514205411077,0.7902716398239136,0.2090601772069931,E,0.0002416551433270797,0.00045748663251288235,2.9413748052320443e-05,0.009656084701418877,0.7372920513153076,0.014454125426709652,0.004506670404225588,0.23336255550384521,-113.1706314086914,133.06922912597656,0.0004271423094905913
>Sequence,G,11,0.1570391207933426,16.33206856250763,C,0.0005510509363375604,0.09114080667495728,0.9083081483840942,C,0.0004142869438510388,0.00014346247189678252,4.715268732979894e-05,0.012702830135822296,0.06352517753839493,0.2675125300884247,0.012883372604846954,0.6427712440490723,107.86061096191406,-179.70626831054688,0.0010657410603016615
>Sequence,A,12,0.28031572699546814,36.16072878241539,C,0.013767549768090248,0.0035633116494864225,0.9826692342758179,C,0.011895188130438328,0.004216059111058712,2.0355548258521594e-05,0.003506080713123083,0.0020116232335567474,0.32071301341056824,0.10080146789550781,0.5568362474441528,-78.1612548828125,158.99441528320312,0.00047426196397282183
>Sequence,G,13,0.6209067702293396,64.57430410385132,C,0.06012464314699173,0.00044403361971490085,0.939431369304657,T,0.058228082954883575,0.0037109057884663343,3.4284821595065296e-05,0.0004839280736632645,4.006344897788949e-05,0.04777834191918373,0.878836452960968,0.010887966491281986,-40.957061767578125,161.2073211669922,0.0010179834207519889
>Sequence,G,14,0.47131872177124023,49.017147064208984,C,0.03807755559682846,0.0002405340928817168,0.9616819024085999,T,0.054248835891485214,0.004154644440859556,0.00024828570894896984,0.00031942129135131836,5.720333501813002e-05,0.15195763111114502,0.7460565567016602,0.04295744001865387,82.74864196777344,12.596177101135254,0.0012223102385178208
>Sequence,V,15,0.03454934433102608,6.0115859135985374,C,0.04879939928650856,0.00039500812999904156,0.9508056044578552,S,0.018950866535305977,0.04297468438744545,0.0001843687641667202,0.0013222161214798689,0.00013443437637761235,0.4308590590953827,0.20620828866958618,0.2993660867214203,-91.29934692382812,-1.3221089839935303,0.000148956329212524
>Sequence,G,16,0.20481203496456146,21.300451636314392,C,0.037277013063430786,0.0012876810505986214,0.9614353179931641,C,0.012109581381082535,0.028244923800230026,0.0016608168371021748,0.005048730876296759,0.00046651798766106367,0.30250224471092224,0.20400284230709076,0.4459643065929413,86.88093566894531,27.740928649902344,0.0011033250484615564
>Sequence,K,17,0.07187072932720184,16.961492121219635,H,0.9715635776519775,2.7457574105937965e-05,0.028408996760845184,H,0.015375650487840176,0.9495583176612854,0.0019092375878244638,7.839599129511043e-05,6.9954789978510235e-06,0.01357140950858593,0.011080301366746426,0.008419734425842762,-61.267311096191406,-40.87479782104492,0.0003854118403978646
>Sequence,S,18,0.1699485033750534,26.342018023133278,H,0.9914714694023132,3.8138834497658536e-05,0.008490308187901974,H,0.027830109000205994,0.9595931768417358,0.0012251753360033035,3.2505966373719275e-05,1.630666338314768e-05,0.0014142111176624894,0.00756888696923852,0.002319673076272011,-63.78165817260742,-36.989620208740234,0.0005243839113973081
>Sequence,A,19,0.08578331023454666,11.06604702025652,H,0.9934511184692383,9.041438170243055e-05,0.006458535324782133,H,0.030960658565163612,0.9555585980415344,0.0037934568244963884,8.262432675110176e-05,5.236602737568319e-05,0.0012445788597688079,0.005373233463615179,0.0029343822970986366,-66.93326568603516,-37.1919059753418,0.0005627741920761764
>Sequence,L,20,0.02240387536585331,4.503178948536515,H,0.9941108822822571,0.0002405666746199131,0.005648575257509947,H,0.0018667569383978844,0.9839445948600769,0.010223367251455784,9.517600847175345e-05,6.521649629576132e-05,0.000570943346247077,0.0017535078804939985,0.0014802943915128708,-66.21981048583984,-42.289669036865234,0.0003852532827295363
>Sequence,T,21,0.040997810661792755,7.051623433828354,H,0.9924339056015015,0.00037623249227181077,0.007189882919192314,H,0.001328695216216147,0.977980375289917,0.016367297619581223,8.687692024977878e-05,0.00011705917859217152,0.0007188217714428902,0.001533534494228661,0.0018672833684831858,-64.142822265625,-42.94767379760742,0.0007144646951928735
>Sequence,I,22,0.1953953057527542,38.49287523329258,H,0.9958433508872986,0.000290040421532467,0.0038665859028697014,H,0.0015089537482708693,0.9621250033378601,0.032964110374450684,3.990450932178646e-05,0.0001406648225383833,0.00044837259338237345,0.0011652603279799223,0.0016078399494290352,-64.33245849609375,-42.823917388916016,0.001113159116357565
>Sequence,Q,23,0.1916734278202057,43.12652125954628,H,0.9948968291282654,0.0005098383408039808,0.004593254532665014,H,0.003309587948024273,0.9196637272834778,0.07235372811555862,0.00011287443339824677,0.00025360850850120187,0.000489190686494112,0.0020615386310964823,0.001755670877173543,-64.11878967285156,-42.354217529296875,0.00181086256634444
>Sequence,L,24,0.04182974621653557,8.40777898952365,H,0.9895115494728088,0.001285569742321968,0.009202899411320686,H,0.00482969218865037,0.8968088030815125,0.08858058601617813,0.00039024758734740317,0.0004587027651723474,0.0010167419677600265,0.005745972506701946,0.002169241663068533,-66.61353302001953,-41.34626388549805,0.0016453861026093364
>Sequence,I,25,0.12698182463645935,25.015419453382492,H,0.9775077700614929,0.001490775030106306,0.02100149542093277,H,0.0048056007362902164,0.9066768884658813,0.06849665939807892,0.0006496139103546739,0.000293914315989241,0.001302993157878518,0.015478231944143772,0.0022961325012147427,-71.07141876220703,-37.27090072631836,0.0024758947547525167
>Sequence,Q,26,0.4887009859085083,109.95772182941437,H,0.5371845364570618,0.0021786668803542852,0.46063682436943054,T,0.012865911237895489,0.4447897970676422,0.010997566394507885,0.0007480339263565838,0.00036512434598989785,0.01700393296778202,0.498678594827652,0.014551122672855854,-79.90078735351562,-6.9834818840026855,0.003470642725005746
>Sequence,N,27,0.603680431842804,117.71768420934677,C,0.018841661512851715,0.0010169462766498327,0.980141282081604,T,0.0019148822175338864,0.008495642803609371,0.0075132111087441444,0.00024175211729016155,0.0004983249818906188,0.16626234352588654,0.7224991917610168,0.09257467836141586,69.64635467529297,27.688241958618164,0.007104906719177961
>Sequence,H,28,0.4209592044353485,94.29486179351807,C,0.006995954550802708,0.02931644208729267,0.963687539100647,C,0.0014104004949331284,0.002486464334651828,0.0014761572238057852,0.01740216463804245,0.012602988630533218,0.15595956146717072,0.016825474798679352,0.7918367981910706,-118.76256561279297,121.72110748291016,0.004900399595499039
>Sequence,F,29,0.18545329570770264,44.50879096984863,C,0.01181871723383665,0.02155526727437973,0.9666259288787842,C,0.005690857768058777,0.004174249246716499,0.0008978422847576439,0.03137131780385971,0.008644429966807365,0.10883161425590515,0.0506911426782608,0.789698600769043,-107.6699447631836,77.60640716552734,0.0017815366154536605
>Sequence,V,30,0.27098992466926575,47.15224689245224,C,0.15798446536064148,0.008312772959470749,0.8337027430534363,C,0.14620016515254974,0.04117465019226074,0.0028220824897289276,0.007027010899037123,0.004537966102361679,0.16264458000659943,0.1974388062953949,0.4381546676158905,-78.39907836914062,-12.996999740600586,0.004381201229989529
>Sequence,D,31,0.7220691442489624,139.35934484004974,C,0.21070395410060883,0.0008703906205482781,0.788425624370575,T,0.18427062034606934,0.02481217496097088,0.0006310092285275459,0.00014329237455967814,0.00033529495703987777,0.3414500057697296,0.3834119737148285,0.06494568288326263,-78.63445281982422,-24.83806800842285,0.002069896785542369
>Sequence,E,32,0.6521311402320862,145.42524427175522,C,0.39379385113716125,0.027756735682487488,0.5784494280815125,G,0.3134411573410034,0.08328086882829666,0.00551662128418684,0.005517113488167524,0.0165873896330595,0.22498606145381927,0.2079414427280426,0.14272931218147278,-109.33599090576172,15.815056800842285,0.006314170081168413
>Sequence,Y,33,0.3113413453102112,81.88277381658554,C,0.1049283966422081,0.06903144717216492,0.8260400891304016,C,0.04851822555065155,0.04973243549466133,0.0015139214228838682,0.044592492282390594,0.03803124651312828,0.20358024537563324,0.08047553151845932,0.5335558652877808,-103.8775863647461,108.3712158203125,0.005622814409434795
>Sequence,D,34,0.4755983352661133,91.79047870635986,C,0.0033061886206269264,0.030889177694916725,0.9658046364784241,C,0.002191204810515046,0.0010446547530591488,6.748973828507587e-05,0.012687667272984982,0.020291274413466454,0.23532332479953766,0.024193236604332924,0.7042012214660645,-110.10890197753906,104.86625671386719,0.0059927524998784065
>Sequence,P,35,0.3026577830314636,48.122587502002716,C,0.010565116070210934,0.008893169462680817,0.9805417060852051,C,0.014184237457811832,0.002609974006190896,7.481131615350023e-05,0.003016307018697262,0.00683204410597682,0.16674919426441193,0.22174908220767975,0.5847843885421753,-69.17803192138672,122.19971466064453,0.00399297010153532
>Sequence,T,36,0.3555152416229248,61.148621559143066,C,0.022528985515236855,0.06452520936727524,0.9129458069801331,C,0.03296980261802673,0.004689984489232302,0.00022795087716076523,0.04763408005237579,0.034248970448970795,0.1744026243686676,0.1264946311712265,0.5793319344520569,-98.39398193359375,111.84901428222656,0.004879016429185867
>Sequence,I,37,0.31320491433143616,61.70136812329292,C,0.04788362234830856,0.04114984720945358,0.9109665155410767,C,0.05050808563828468,0.01580772176384926,0.0004163659759797156,0.010635548271238804,0.028805142268538475,0.2516590654850006,0.17525126039981842,0.4669167697429657,-92.8436279296875,76.15249633789062,0.005642205476760864
>Sequence,E,38,0.5467844009399414,121.93292140960693,C,0.1029052659869194,0.03521724417805672,0.8618773818016052,T,0.10320331901311874,0.022807622328400612,0.0005889507592655718,0.0028829281218349934,0.025637833401560783,0.21768632531166077,0.37655502557754517,0.2506380081176758,-88.5918960571289,26.564308166503906,0.004573959857225418
>Sequence,D,39,0.23343715071678162,45.05337008833885,C,0.14611060917377472,0.08689992129802704,0.766989529132843,C,0.17531409859657288,0.032671768218278885,0.0011179704451933503,0.003364507108926773,0.0830482691526413,0.1843520551919937,0.14932842552661896,0.37080293893814087,-109.92353057861328,85.06475067138672,0.003077060217037797
>Sequence,S,40,0.24815066158771515,38.46335254609585,C,0.0884050652384758,0.37599948048591614,0.5355954766273499,C,0.054390523582696915,0.03183978796005249,0.0007440634653903544,0.01459422241896391,0.3163217604160309,0.08577905595302582,0.05189695209264755,0.44443371891975403,-100.91043853759766,121.4708251953125,0.0017150897765532136
>Sequence,Y,41,0.18048761785030365,47.46824349462986,E,0.02705991454422474,0.6272603273391724,0.34567978978157043,E,0.01199925784021616,0.012073586694896221,0.00035488695721141994,0.006590788718312979,0.6404539346694946,0.04607269540429115,0.030811268836259842,0.25164368748664856,-112.03075408935547,123.78585052490234,0.0019369268557056785
>Sequence,R,42,0.41137218475341797,112.71597862243652,E,0.002741531701758504,0.8964037299156189,0.10085470229387283,E,0.0008199971634894609,0.0011506921146064997,4.6967517846496776e-05,0.002489399863407016,0.9057536125183105,0.007983856834471226,0.002852528588846326,0.07890300452709198,-115.93707275390625,134.68630981445312,0.0015489395009353757
>Sequence,K,43,0.27538883686065674,64.99176549911499,E,0.0007356258574873209,0.9703897833824158,0.028874674811959267,E,0.00017663711332716048,0.00026052395696751773,1.8232318325317465e-05,0.0006145499064587057,0.976987361907959,0.0023757077287882566,0.0005134538514539599,0.01905350387096405,-126.58478546142578,142.45733642578125,0.0014945162693038583
>Sequence,Q,44,0.5729112029075623,128.9050206542015,E,9.735057392390445e-05,0.9821277856826782,0.01777479611337185,E,2.4514796677976847e-05,2.0271834728191607e-05,1.4578816944776918e-06,0.0002188763173762709,0.9851239323616028,0.0004468725237529725,0.0001393833663314581,0.014024673961102962,-102.96665954589844,132.09103393554688,0.0007633926579728723
>Sequence,V,45,0.04590244218707085,7.987024940550327,E,7.855815783841535e-05,0.9918918609619141,0.008029578253626823,E,1.6530926586710848e-05,1.5632012946298346e-05,6.181866751830967e-07,9.190580749418586e-05,0.9925729036331177,6.908806244609877e-05,4.5304823288461193e-05,0.0071879420429468155,-121.1235580444336,132.6897735595703,0.00039060477865859866
>Sequence,V,46,0.5427286624908447,94.43478727340698,E,8.295036241179332e-05,0.9901044964790344,0.009812514297664165,E,3.124410432064906e-05,2.1508745703613386e-05,1.3114563444105443e-06,0.0005661835311912,0.990919828414917,0.0002049117611022666,0.00014147037290968,0.008113562129437923,-102.57063293457031,125.22708129882812,0.0009157927124761045
>Sequence,I,47,0.05024552717804909,9.89836885407567,E,0.0002623763575684279,0.976366400718689,0.023371249437332153,E,0.00019918403995689005,8.576559775974602e-05,1.2282313946343493e-05,0.004525796510279179,0.9719545245170593,0.00046645180555060506,0.0014942872803658247,0.02126167342066765,-115.48805236816406,119.07070922851562,0.000955912284553051
>Sequence,D,48,0.6009065508842468,115.97496432065964,C,0.002077009528875351,0.00301087973639369,0.9949122071266174,T,0.0011566289467737079,0.0001922443916555494,3.770177499973215e-06,5.545706517295912e-05,0.000777156266849488,0.018968267366290092,0.9668076634407043,0.01203880738466978,49.82338333129883,28.000408172607422,0.003699042135849595
>Sequence,G,49,0.8318425416946411,86.51162433624268,C,0.0012104538036510348,0.00036880947300232947,0.9984207153320312,T,0.0002652898256201297,4.654825170291588e-05,4.5224433051771484e-06,1.6542968523935997e-06,8.322675421368331e-05,0.027263063937425613,0.9679134488105774,0.004422271624207497,82.35088348388672,-6.008788108825684,0.0034668813459575176
>Sequence,E,50,0.6028092503547668,134.426462829113,E,0.000199533358681947,0.7993313670158386,0.20046907663345337,E,0.00012342036643531173,5.573197267949581e-05,3.6815390558331273e-06,0.006727552507072687,0.8343509435653687,0.03555110841989517,0.0026547624729573727,0.12053283303976059,-104.27507019042969,141.65097045898438,0.002786519005894661
>Sequence,T,51,0.4753485918045044,81.75995779037476,E,6.296145147643983e-05,0.9900467991828918,0.009890299290418625,E,2.1630912669934332e-05,1.7851945813163184e-05,7.764713814140123e-07,0.004375014454126358,0.9827396869659424,0.00030010059708729386,0.00010244634904665872,0.0124424509704113,-83.88697814941406,135.09010314941406,0.002299835439771414
>Sequence,C,52,0.031171036884188652,5.205563159659505,E,0.00048115404206328094,0.922214686870575,0.07730410248041153,E,0.0001536375202704221,8.995419921120629e-05,1.219963110088429e-06,0.000565490685403347,0.9148883819580078,0.0014255541609600186,0.00017014607146847993,0.08270565420389175,-122.85559844970703,142.7690887451172,0.0011578525882214308
>Sequence,L,53,0.32033270597457886,64.38687390089035,E,0.0007391019607894123,0.8939352631568909,0.10532566159963608,E,0.0002391758025623858,0.0001375647116219625,3.3561316286068177e-06,0.0009042546153068542,0.8927074670791626,0.00421126326546073,0.0004871890414506197,0.10130971670150757,-99.5003662109375,131.45123291015625,0.0015377150848507881
>Sequence,L,54,0.011488172225654125,2.309122617356479,E,0.0007952213636599481,0.9357313513755798,0.0634734258055687,E,0.0002397610223852098,0.000148781604366377,1.5416593441841542e-06,0.0002674373099580407,0.944353461265564,0.001413994119502604,0.00026271771639585495,0.05331232026219368,-116.68495178222656,135.44261169433594,0.0003749468014575541
>Sequence,D,55,0.24953541159629822,48.160334438085556,E,0.0018645942909643054,0.9724655151367188,0.025669917464256287,E,0.0006953016854822636,0.000681947625707835,2.12599534279434e-05,0.0012826792662963271,0.9720126390457153,0.001796587253920734,0.0004888679250143468,0.023020731285214424,-109.90596771240234,130.01058959960938,0.0023532789200544357
>Sequence,I,56,0.017157191410660744,3.3799667079001665,E,0.0002168080973206088,0.987848162651062,0.011935073882341385,E,6.920679879840463e-05,6.555180880241096e-05,4.060684204887366e-06,0.001107240212149918,0.9866315722465515,0.00046090857358649373,8.945209992816672e-05,0.011572055518627167,-112.54914093017578,121.6161880493164,0.00040740161784924567
>Sequence,L,57,0.1593419313430786,32.0277281999588,E,0.0016734322998672724,0.6712533235549927,0.32707321643829346,E,0.0008304006769321859,0.0005439692758955061,2.8596641641343012e-05,0.0037265236023813486,0.6833286285400391,0.030638152733445168,0.006809878628700972,0.2740938067436218,-98.53290557861328,126.41987609863281,0.0007626684382557869
>Sequence,D,58,0.07369522750377655,14.223178908228874,C,0.0034127135295420885,0.42481696605682373,0.5717703104019165,C,0.0023440157528966665,0.0010850824182853103,5.24746319570113e-05,0.026405084878206253,0.34709426760673523,0.05716578662395477,0.005679761990904808,0.560173511505127,-113.01033782958984,137.14768981933594,0.0009803029242902994
>Sequence,T,59,0.15409144759178162,26.503728985786438,C,0.11371684819459915,0.19426321983337402,0.6920199990272522,C,0.08210974931716919,0.04444870352745056,0.0006111860857345164,0.041461773216724396,0.14493541419506073,0.10894249379634857,0.11770400404930115,0.45978671312332153,-86.63819122314453,42.79009246826172,0.002200514078140259
>Sequence,A,60,0.10296416282653809,13.282377004623413,C,0.07846737653017044,0.012755323201417923,0.9087772965431213,T,0.07691290229558945,0.027332808822393417,0.00019285368034616113,0.007522521074861288,0.006521278992295265,0.21408860385417938,0.418149471282959,0.24927952885627747,-78.19158172607422,4.953985214233398,0.0019504561787471175
>Sequence,G,61,0.27172839641571045,28.259753227233887,C,0.03535176068544388,0.019823113456368446,0.9448251128196716,C,0.038673993200063705,0.010319046676158905,0.00041265005711466074,0.02019389346241951,0.010332364588975906,0.2946712076663971,0.11481314152479172,0.5105836987495422,100.94830322265625,91.04652404785156,0.007858594879508018
>Sequence,Q,62,0.4109557569026947,92.46504530310631,C,0.07781808078289032,0.008735108189284801,0.9134467244148254,C,0.0387578085064888,0.03671862557530403,0.00023734051501378417,0.00922029186040163,0.0046271695755422115,0.2785748243331909,0.10114524513483047,0.5307186841964722,-91.40385437011719,34.23828887939453,0.008605245500802994
>Sequence,E,63,0.6089541912078857,135.79678463935852,C,0.18841035664081573,0.002802243223413825,0.8087874054908752,S,0.14260026812553406,0.0666649341583252,0.00036557603743858635,0.0015452038496732712,0.001669570803642273,0.31727758049964905,0.26250535249710083,0.2073715180158615,-77.08424377441406,-26.27416229248047,0.01128375343978405
>Sequence,E,64,0.6201497316360474,138.29339015483856,C,0.2337999939918518,0.003515355521813035,0.7626846432685852,T,0.22105339169502258,0.06749850511550903,0.0004675653181038797,0.0017750096740201116,0.0022212855983525515,0.1938927322626114,0.3217499256134033,0.1913416087627411,-79.47016143798828,-6.40191125869751,0.007800562307238579
>Sequence,Y,65,0.3180316388607025,83.64232102036476,C,0.34333303570747375,0.004661186598241329,0.6520058512687683,C,0.1898719221353531,0.16288508474826813,0.0018650754354894161,0.0038819184992462397,0.0025281503330916166,0.18310768902301788,0.21489109098911285,0.2409690022468567,-89.59147644042969,-0.5200371742248535,0.006058992352336645
>Sequence,S,66,0.3622020483016968,56.141317486763,C,0.23965680599212646,0.017140613868832588,0.7432026267051697,C,0.07263641804456711,0.14807941019535065,0.0022320763673633337,0.016427619382739067,0.008598354645073414,0.17005732655525208,0.10738738626241684,0.47458142042160034,-79.36190032958984,78.44132232666016,0.0037274202331900597
>Sequence,A,67,0.2664223313331604,34.36848074197769,C,0.22887544333934784,0.01746474765241146,0.7536597847938538,C,0.030281543731689453,0.18762153387069702,0.002649805974215269,0.016638629138469696,0.00881970301270485,0.16073989868164062,0.0576271191239357,0.5356217622756958,-74.39347076416016,151.66250610351562,0.0051882159896194935
>Sequence,M,68,0.24163345992565155,54.12589502334595,H,0.7800087332725525,0.003965487703680992,0.21602576971054077,H,0.022235510870814323,0.7810488343238831,0.005061639938503504,0.002182945841923356,0.0017948829336091876,0.028317980468273163,0.039325837045907974,0.12003243714570999,-68.96025085449219,-29.405292510986328,0.004581265151500702
>Sequence,R,69,0.37637951970100403,103.1279883980751,H,0.9803975820541382,0.000325562315993011,0.019276831299066544,H,0.00448459992185235,0.9796084761619568,0.001911702798679471,7.473790901713073e-05,0.0001430542761227116,0.001354969572275877,0.004062643740326166,0.008359858766198158,-62.18037414550781,-40.762577056884766,0.003849131055176258
>Sequence,D,70,0.5302883982658386,102.34566086530685,H,0.993573009967804,9.582053462509066e-05,0.006331170443445444,H,0.004026871174573898,0.9882258176803589,0.0024455543607473373,1.334883472736692e-05,6.330110045382753e-05,0.0004947194247506559,0.0022957059554755688,0.0024347645230591297,-61.71627426147461,-41.826473236083984,0.002826537238433957
>Sequence,Q,71,0.37826693058013916,85.11005938053131,H,0.9877063632011414,0.0004600952670443803,0.011833535507321358,H,0.008118185214698315,0.9706429839134216,0.009860961697995663,6.384593871189281e-05,0.0003496774297673255,0.001037314534187317,0.00434679351747036,0.005580268334597349,-65.1509017944336,-40.833343505859375,0.003460722276940942
>Sequence,Y,72,0.19481095671653748,51.235281616449356,H,0.9824091196060181,0.0010449908440932631,0.016545908525586128,H,0.010896832682192326,0.9368477463722229,0.03640585392713547,0.0001876249589258805,0.0006021958542987704,0.0013566423440352082,0.009094621054828167,0.004608567338436842,-66.85115814208984,-38.51370620727539,0.0019199884263798594
>Sequence,M,73,0.217974454164505,48.82627773284912,H,0.9481602311134338,0.0018032522639259696,0.050036441534757614,H,0.021528633311390877,0.8771995902061462,0.04724946245551109,0.00040618429193273187,0.0010471920249983668,0.004978954792022705,0.03446868434548378,0.013121353462338448,-68.43637084960938,-34.653133392333984,0.00242811837233603
>Sequence,R,74,0.6211521029472351,170.19567620754242,H,0.8521907925605774,0.0016430275281891227,0.14616622030735016,H,0.044216930866241455,0.7480216026306152,0.02337218075990677,0.0003047125937882811,0.0008953862125054002,0.015686029568314552,0.14727306365966797,0.020230144262313843,-71.63105773925781,-30.801658630371094,0.0023689577355980873
>Sequence,T,75,0.5099653601646423,87.71404194831848,H,0.6740258932113647,0.003640031209215522,0.32233408093452454,H,0.04347090423107147,0.5776755213737488,0.02691098302602768,0.0007898519397713244,0.0016538167838007212,0.05679117515683174,0.24763479828834534,0.04507296159863472,-94.12281799316406,-14.31929874420166,0.0021784480195492506
>Sequence,G,76,0.20753294229507446,21.583425998687744,C,0.020770519971847534,0.004487569909542799,0.9747418761253357,C,0.004655264783650637,0.013439986854791641,0.0015647736145183444,0.0013421260518953204,0.00450212974101305,0.22830209136009216,0.12258040904998779,0.6236132383346558,-59.713340759277344,139.8509063720703,0.0010593407787382603
>Sequence,E,77,0.48583319783210754,108.34080311655998,C,0.0030487840995192528,0.0457187257707119,0.9512325525283813,C,0.001304973498918116,0.0007872846908867359,6.092369949328713e-05,0.003348875790834427,0.04199302941560745,0.28245407342910767,0.03413783758878708,0.6359130144119263,-87.1601333618164,113.14795684814453,0.0012187666725367308
>Sequence,G,78,0.06757477670907974,7.027776777744293,E,0.0026378214824944735,0.5331778526306152,0.46418431401252747,E,0.0016012695850804448,0.0006262778770178556,0.00024427101016044617,0.004353175405412912,0.5755026936531067,0.13568533957004547,0.021324358880519867,0.26066261529922485,157.92291259765625,170.7554168701172,0.0005322795477695763
>Sequence,F,79,0.04234156385064125,10.1619753241539,E,0.0002443862904328853,0.9846839308738708,0.015071697533130646,E,8.770755084697157e-05,8.449389133602381e-05,9.856649739958812e-06,0.0008793578017503023,0.9848482012748718,0.0016740149585530162,0.00018367738812230527,0.012232741340994835,-127.71565246582031,142.6212615966797,0.0005583056481555104
>Sequence,L,80,0.023271137848496437,4.677498707547784,E,2.671408401511144e-05,0.9989262223243713,0.00104701635427773,E,4.674651790992357e-06,9.841236533247866e-06,1.010909386423009e-06,8.28702250146307e-05,0.9989387392997742,4.5799075451213866e-05,8.889935088518541e-06,0.0009082070318982005,-116.37925720214844,130.0592498779297,0.0004155613132752478
>Sequence,C,81,0.005954257678240538,0.9943610322661698,E,3.589172411011532e-05,0.9985235333442688,0.001440592110157013,E,4.6923046284064185e-06,1.4201555131876376e-05,9.085013061849168e-07,0.00010011123958975077,0.998458981513977,4.4870659621665254e-05,9.457551641389728e-06,0.001366803771816194,-114.378173828125,130.57398986816406,0.00017585084424354136
>Sequence,V,82,0.016808737069368362,2.924720250070095,E,2.608230715850368e-05,0.9972744584083557,0.0026994452346116304,E,7.001488938840339e-06,9.20568982110126e-06,6.592345584977011e-07,0.0001864755031419918,0.9974445104598999,8.03870425443165e-05,1.7647762433625758e-05,0.002254141727462411,-109.33856964111328,125.02852630615234,0.00016322142619173974
>Sequence,F,83,0.026851700618863106,6.444408148527145,E,0.0001583095290698111,0.9154009819030762,0.08444073796272278,E,9.617392061045393e-05,6.068748916732147e-05,1.1661969438137021e-05,0.005662317853420973,0.91307133436203,0.0041724867187440395,0.0011053680209442973,0.07582004368305206,-113.1596450805664,139.37945556640625,0.0002505357551854104
>Sequence,A,84,0.06702245026826859,8.645896084606647,C,0.0002822608221322298,0.18466860055923462,0.8150491118431091,C,0.0001556336646899581,4.499638089328073e-05,2.265482407892705e-06,0.007776647340506315,0.128042072057724,0.013964910060167313,0.004249492194503546,0.8457639217376709,-82.89761352539062,117.36422729492188,0.0001599132810952142
>Sequence,I,85,0.05503692105412483,10.842273447662592,C,0.006795686203986406,0.014185885898768902,0.9790184497833252,T,0.010670454241335392,0.002299854764714837,4.060284118168056e-05,0.008721999824047089,0.009391208179295063,0.1309196949005127,0.49561214447021484,0.3423440158367157,-83.26627349853516,-7.114066123962402,0.0005244026542641222
>Sequence,N,86,0.4189804196357727,81.70118182897568,C,0.002735419664531946,0.0017379519995301962,0.9955266118049622,S,0.00229129777289927,0.000753316271584481,3.6731034924741834e-05,0.0011529545299708843,0.0007685007876716554,0.5421355962753296,0.29554614424705505,0.1573154777288437,-96.3157730102539,-8.700362205505371,0.0009648665436543524
>Sequence,N,87,0.3573877811431885,69.69061732292175,C,0.0014105408918112516,0.022554194554686546,0.9760352373123169,C,0.00046160249621607363,0.0005193495890125632,3.378740802872926e-05,0.014682733453810215,0.00783634278923273,0.19455210864543915,0.005176069214940071,0.776738166809082,-116.52703857421875,129.97657775878906,0.003237160388380289
>Sequence,T,88,0.4166013300418854,71.65542876720428,H,0.6018578410148621,0.0005475805955938995,0.39759454131126404,T,0.177898108959198,0.3276677131652832,0.000614784425124526,0.00040150349377654493,0.00020405104442033917,0.07094795256853104,0.38103964924812317,0.04122626781463623,-60.56349563598633,-30.210105895996094,0.0018965553026646376
>Sequence,K,89,0.6051971316337585,142.82652306556702,H,0.6510564684867859,0.0004579114029183984,0.3484856188297272,T,0.26140734553337097,0.26125574111938477,0.001053113373927772,0.00022374594118446112,0.00019876021542586386,0.033727824687957764,0.4201048016548157,0.022028690204024315,-68.39496612548828,-23.45340919494629,0.0012765907449647784
>Sequence,S,90,0.04867297410964966,7.544310986995697,H,0.89029860496521,0.0008965657325461507,0.10880477726459503,G,0.482888400554657,0.39896345138549805,0.006047992501407862,0.0010805546771734953,0.000580018968321383,0.02156851626932621,0.04232029616832733,0.04655078426003456,-78.39122772216797,-32.694705963134766,0.0013087253319099545
>Sequence,F,91,0.07269126176834106,17.445902824401855,H,0.9717074036598206,0.000777354696765542,0.02751520276069641,H,0.19853609800338745,0.7362739443778992,0.031844861805438995,0.0010973121970891953,0.0003303365083411336,0.004445485770702362,0.019083727151155472,0.008388208225369453,-67.07921600341797,-35.60759735107422,0.002438603201881051
>Sequence,E,92,0.7077040076255798,157.8179937005043,H,0.9671535491943359,0.0005124073941260576,0.0323340930044651,H,0.0792372077703476,0.8625069260597229,0.021935539320111275,0.00020705701899714768,0.0002983353042509407,0.0023833310697227716,0.027536800131201744,0.005894822534173727,-67.84120178222656,-35.515846252441406,0.002665336476638913
>Sequence,D,93,0.4014056921005249,77.4712985754013,H,0.9088491797447205,0.001113696489483118,0.09003716707229614,H,0.0911441445350647,0.737430214881897,0.05923708900809288,0.0005179790314286947,0.00046475394628942013,0.00531541183590889,0.0915103405714035,0.014380150474607944,-75.39350891113281,-27.830265045166016,0.004946561064571142
>Sequence,I,94,0.016122272238135338,3.1760876309126616,H,0.9306952953338623,0.00022140517830848694,0.0690833106637001,H,0.012620591558516026,0.9082316160202026,0.02883152663707733,9.625589154893532e-05,9.136246080743149e-05,0.008426845073699951,0.02121238224208355,0.020489348098635674,-69.96934509277344,-36.0455322265625,0.0006113985436968505
>Sequence,H,95,0.4354206919670105,97.53423500061035,H,0.9726952910423279,0.0002582950401119888,0.027046319097280502,H,0.007292474154382944,0.969057023525238,0.0037782485596835613,7.411411206703633e-05,8.813203749014065e-05,0.0013309712521731853,0.00868375413119793,0.009695260785520077,-59.519065856933594,-40.972171783447266,0.001589579856954515
>Sequence,H,96,0.5753350853919983,128.87505912780762,H,0.9867842793464661,0.0001335116394329816,0.013082165271043777,H,0.005176057107746601,0.9813755750656128,0.0025403809268027544,2.9875907785026357e-05,6.065957495593466e-05,0.0007599394884891808,0.005957713350653648,0.004099718295037746,-65.99547576904297,-38.597923278808594,0.0016040251357480884
>Sequence,Y,97,0.04246539622545242,11.168399207293987,H,0.9954068660736084,8.412797615164891e-05,0.004509008955210447,H,0.0019700012635439634,0.989062488079071,0.004425513092428446,1.7992490029428154e-05,4.714007445727475e-05,0.0003226657281629741,0.001707200426608324,0.0024469937197864056,-63.89315414428711,-44.02750778198242,0.000986625673249364
>Sequence,R,98,0.1751791536808014,47.99908810853958,H,0.99797123670578,0.0001259501586901024,0.0019027405651286244,H,0.0004851963312830776,0.9927064776420593,0.00508445268496871,2.1338186343200505e-05,4.912425720249303e-05,9.500370651949197e-05,0.0005931336781941354,0.0009652958251535892,-61.98563766479492,-42.3652229309082,0.0010860612383112311
>Sequence,E,99,0.5414616465568542,120.7459471821785,H,0.9974936246871948,0.0001247834152309224,0.0023816341999918222,H,0.00038306828355416656,0.9910554885864258,0.006583066191524267,1.0406093679193873e-05,6.180904892971739e-05,0.00010859201574930921,0.0007315572001971304,0.0010659854160621762,-63.273319244384766,-42.47440719604492,0.0018984617199748755
>Sequence,Q,100,0.24590452015399933,55.32851703464985,H,0.998145341873169,0.00011279207683401182,0.0017418849747627974,H,0.0004906516405753791,0.9880297780036926,0.010071661323308945,9.482664609095082e-06,5.2197799959685653e-05,7.129961886676028e-05,0.0006612830911763012,0.0006137329619377851,-62.26251220703125,-42.96036148071289,0.0012582589406520128
>Sequence,I,101,0.01271736528724432,2.505320961587131,H,0.9977783560752869,0.00019375502597540617,0.002027923706918955,H,0.0006203446537256241,0.9480480551719666,0.04933230206370354,2.8002257749903947e-05,7.99325353000313e-05,0.000125490827485919,0.0011459211818873882,0.0006199832423590124,-64.67544555664062,-43.17388153076172,0.0006171501008793712
>Sequence,K,102,0.2776261866092682,65.51978003978729,H,0.9914302229881287,0.0004613061319105327,0.008108548820018768,H,0.003070840844884515,0.9557279944419861,0.03279253467917442,0.00015721953241154552,0.00019106910622213036,0.00045043660793453455,0.004941132385283709,0.0026687716599553823,-63.885135650634766,-41.026790618896484,0.001846222672611475
>Sequence,R,103,0.6412745118141174,175.70921623706818,H,0.9771621823310852,0.0003456842096056789,0.022492049261927605,H,0.007891124114394188,0.9496198892593384,0.01999887265264988,7.388138328678906e-05,0.0001725787005852908,0.0009091462707147002,0.017633887007832527,0.003700659843161702,-64.87889099121094,-38.52603530883789,0.0023741833865642548
>Sequence,V,104,0.22612768411636353,39.34621703624725,H,0.9010162353515625,0.00025878302403725684,0.09872496128082275,H,0.01135643944144249,0.8756006360054016,0.026728413999080658,8.988884655991569e-05,6.903779285494238e-05,0.006805583368986845,0.07072005420923233,0.008629967458546162,-82.72306823730469,-32.42691421508789,0.001605124562047422
>Sequence,K,105,0.22976583242416382,54.22473645210266,C,0.21147757768630981,0.001822719001211226,0.7866997122764587,T,0.018965858966112137,0.20580102503299713,0.005671511869877577,0.0023601276334375143,0.0005858999793417752,0.24021847546100616,0.3220890760421753,0.20430801808834076,-88.89797973632812,16.33172035217285,0.0032159171532839537
>Sequence,D,106,0.7048989534378052,136.0454980134964,C,0.03597687929868698,0.0015701366355642676,0.9624529480934143,C,0.015716420486569405,0.01684611104428768,0.0005206296918913722,0.0014819003408774734,0.0009270869195461273,0.2113742083311081,0.245371475815773,0.5077622532844543,-61.15875244140625,39.99330139160156,0.004899794235825539
>Sequence,S,107,0.33687615394592285,52.21580386161804,C,0.05213985964655876,0.004733473528176546,0.9431266784667969,C,0.02994830161333084,0.015655936673283577,0.00038273504469543695,0.00810284074395895,0.001976129598915577,0.1898362934589386,0.10849983245134354,0.6455978751182556,-93.10599517822266,118.17698669433594,0.010761871933937073
>Sequence,E,108,0.7707464694976807,171.8764626979828,C,0.06978106498718262,0.0005799017380923033,0.9296390414237976,T,0.041711825877428055,0.014056256040930748,7.856846059439704e-05,0.0002460836840327829,0.00022858349257148802,0.3262634873390198,0.5386749505996704,0.07874027639627457,-75.84070587158203,-16.56934356689453,0.006334456615149975
>Sequence,D,109,0.7871240973472595,151.9149507880211,C,0.04035252332687378,0.00079064053716138,0.9588568210601807,T,0.029897309839725494,0.008053995668888092,0.00011449021985754371,0.00042460419354029,0.00041206437163054943,0.3029617965221405,0.5275153517723083,0.13062037527561188,-95.8536605834961,8.903695106506348,0.004989020526409149
>Sequence,V,110,0.07211743295192719,12.54843333363533,C,0.0002160690928576514,0.0011576899560168386,0.9986262321472168,S,5.620023512165062e-05,4.744799298350699e-05,7.743437322460522e-07,0.00037052013794891536,0.0005017686053179204,0.5026230216026306,0.0013098625931888819,0.49509039521217346,-97.82805633544922,131.5520782470703,0.00037924261414445937
>Sequence,P,111,0.12384278327226639,19.691002540290356,C,8.414369949605316e-05,0.003220007289201021,0.996695876121521,C,3.533980998327024e-05,1.415636779711349e-05,3.8898784282537235e-07,0.0003372126957401633,0.0021949654910713434,0.10974381864070892,0.0024730218574404716,0.885201096534729,-65.05175018310547,144.8600311279297,0.00031232714536599815
>Sequence,M,112,0.026093734428286552,5.844996511936188,E,3.3462503779446706e-05,0.9479483366012573,0.05201821029186249,E,1.9750359570025466e-05,1.0365719390392769e-05,1.385353925797972e-06,0.01017679087817669,0.9256821870803833,0.0046440958976745605,0.00017239051521755755,0.05929300934076309,-115.36219024658203,137.0247344970703,0.0001121285094995983
>Sequence,V,113,0.014933569356799126,2.598441068083048,E,1.267881270905491e-05,0.9992947578430176,0.0006925569614395499,E,2.06317713491444e-06,5.428541498986306e-06,4.528737918008119e-07,0.0002068200847133994,0.9990718364715576,2.144357313227374e-05,2.394174316577846e-06,0.0006895843544043601,-116.16683959960938,126.61712646484375,8.888491720426828e-05
>Sequence,L,114,0.00711421063169837,1.4299563369713724,E,8.525119483238086e-06,0.9996706247329712,0.00032086033024825156,E,7.376048642981914e-07,3.179272880515782e-06,9.379025556199849e-08,2.059859616565518e-05,0.9996951818466187,6.252230377867818e-06,1.0835051398316864e-06,0.00027295720065012574,-99.46090698242188,124.56354522705078,3.783433567150496e-05
>Sequence,V,115,0.0035060946829617023,0.6100604748353362,E,2.4403507268289104e-05,0.9992774128913879,0.0006982183549553156,E,3.173605819029035e-06,1.2994422831980046e-05,5.700879341929976e-07,0.00013486050011124462,0.9990683197975159,1.8084705516230315e-05,3.6060505408386234e-06,0.0007583742262795568,-116.14842224121094,129.8534698486328,3.1343392038252205e-05
>Sequence,G,116,0.009984324686229229,1.0383697673678398,E,0.00037746381713077426,0.970422089099884,0.029200494289398193,E,0.00013598361692856997,0.00022594566689804196,2.544576273066923e-05,0.00174837710801512,0.9653127193450928,0.001626468962058425,0.000262662535533309,0.030662333592772484,-117.00022888183594,147.68386840820312,5.5466127378167585e-05
>Sequence,N,117,0.033995483070611954,6.629119198769331,C,0.016360513865947723,0.4213815927505493,0.5622578859329224,C,0.026605824008584023,0.006380205042660236,0.0006061011808924377,0.03340717405080795,0.3980131447315216,0.06649647653102875,0.04068848118185997,0.42780253291130066,-95.94401550292969,133.11582946777344,9.112212137551978e-05
>Sequence,K,118,0.15132911503314972,35.713671147823334,C,0.11178906261920929,0.0058866278268396854,0.8823242783546448,T,0.26192647218704224,0.01736588217318058,0.0006765209254808724,0.0026829466223716736,0.002239243360236287,0.07975561171770096,0.5311023592948914,0.10425097495317459,6.883582592010498,8.003305435180664,0.0005804639076814055
>Sequence,C,119,0.11362337321043015,18.975103326141834,C,0.08720778673887253,0.00031348434276878834,0.9124786853790283,T,0.11761181056499481,0.009536795318126678,5.4304302466334775e-05,0.0001909108686959371,4.0056416764855385e-05,0.047349970787763596,0.8029278516769409,0.022288264706730843,-76.41645812988281,-9.049689292907715,0.0004874873848166317
>Sequence,D,120,0.3060382604598999,59.06538426876068,C,0.0494295172393322,0.0006882309098728001,0.9498822689056396,T,0.12343072146177292,0.009541559033095837,9.672925079939887e-05,0.0007872245041653514,0.00018980669847223908,0.17696647346019745,0.5469092726707458,0.1420782506465912,-90.76646423339844,13.223715782165527,0.0018656664760783315
>Sequence,L,121,0.3620498478412628,72.77201941609383,C,0.04209895059466362,0.0014095082879066467,0.9564914703369141,C,0.027698734775185585,0.010255531407892704,5.975802196189761e-05,0.001693500904366374,0.0005872296169400215,0.4307948350906372,0.0180551465600729,0.5108553171157837,-81.94815063476562,137.1746368408203,0.004834573715925217
>Sequence,P,122,0.8559424877166748,136.0948555469513,H,0.7432324290275574,0.0002896395744755864,0.2564779222011566,G,0.8074666857719421,0.04205520078539848,9.832131036091596e-05,2.0367684555822052e-05,5.939253242104314e-05,0.021904509514570236,0.12043830752372742,0.007957175374031067,-63.53927993774414,-24.32754135131836,0.006870555225759745
>Sequence,S,123,0.7440459132194519,115.32711654901505,H,0.7448342442512512,0.0008813641616143286,0.2542843520641327,G,0.789093554019928,0.04489664360880852,0.00010270618804497644,7.200259278761223e-05,0.0002103843871736899,0.0062868292443454266,0.14907515048980713,0.010262742638587952,-84.58695220947266,-9.546409606933594,0.012349667958915234
>Sequence,R,124,0.2184913605451584,59.8666327893734,H,0.5525877475738525,0.018951723352074623,0.42846056818962097,G,0.644170880317688,0.08259235322475433,0.000335514108883217,0.004526122473180294,0.007929302752017975,0.041701070964336395,0.07794192433357239,0.14080290496349335,-92.22538757324219,29.993616104125977,0.009029721841216087
>Sequence,T,125,0.4989234209060669,85.8148283958435,C,0.04461413621902466,0.2852688133716583,0.6701170206069946,C,0.030854521319270134,0.023034002631902695,0.00029202253790572286,0.1787937581539154,0.14656226336956024,0.05508589372038841,0.04729730635881424,0.5180802345275879,-103.68955993652344,141.61683654785156,0.005153042729943991
>Sequence,V,126,0.06689725816249847,11.640122920274734,C,0.00028330457280389965,0.13784277439117432,0.861873984336853,C,0.00012498693831730634,0.0001515165640739724,4.173396519036032e-06,0.04015004262328148,0.07851067185401917,0.10329410433769226,0.0010750810615718365,0.7766894698143005,-115.83650970458984,139.0342254638672,0.0018303301185369492
>Sequence,D,127,0.5755534172058105,111.08180952072144,C,0.0009527389192953706,0.01713733561336994,0.9819099307060242,C,8.122225699480623e-05,0.0004273315134923905,1.036121602737694e-06,0.0018690474098548293,0.00923182349652052,0.013107446022331715,0.0011047000298276544,0.9741774797439575,-72.41804504394531,150.59506225585938,0.003328925697132945
>Sequence,T,128,0.36436817049980164,62.67132532596588,H,0.9824851155281067,7.81527123763226e-05,0.017436841502785683,H,0.007790164090692997,0.9776979088783264,0.00013603211846202612,2.8738726541632786e-05,2.8192787794978358e-05,0.001746576395817101,0.006959164515137672,0.005613097455352545,-56.21195983886719,-40.1416130065918,0.002415313385426998
>Sequence,K,129,0.6950249671936035,164.02589225769043,H,0.9939488172531128,2.6139789042645134e-05,0.006024948786944151,H,0.007684511132538319,0.9864012598991394,6.942488835193217e-05,4.8275519475282636e-06,1.9182534742867574e-05,0.0003897394926752895,0.0033313510939478874,0.0020998187828809023,-62.23131561279297,-39.44731903076172,0.0019514142768457532
>Sequence,Q,130,0.453756183385849,102.09514126181602,H,0.99638831615448,2.37549320445396e-05,0.003587948391214013,H,0.004376496188342571,0.9915995597839355,0.0001093993050744757,3.898556315107271e-06,1.692686964815948e-05,0.00016044106450863183,0.0019450871041044593,0.0017882799729704857,-67.21699523925781,-37.68256759643555,0.0031478223390877247
>Sequence,A,131,0.007604195736348629,0.9809412499889731,H,0.9983111619949341,8.748604159336537e-06,0.0016800020821392536,H,0.000781594542786479,0.9973055124282837,0.00011228201765334234,1.0875274938371149e-06,5.399305337050464e-06,7.833839481463656e-05,0.00044640834676101804,0.001269408268854022,-63.5379524230957,-41.870643615722656,0.0007961842347867787
>Sequence,Q,132,0.4387734532356262,98.7240269780159,H,0.9974068999290466,4.1130479075945914e-05,0.0025519179180264473,H,0.0005128620541654527,0.9969877600669861,0.0002551329380366951,5.3529256547335535e-06,1.738970422593411e-05,7.365943747572601e-05,0.0005872485344298184,0.0015606647357344627,-61.93571090698242,-41.664146423339844,0.003167059738188982
>Sequence,D,133,0.572856068611145,110.56122124195099,H,0.9982002973556519,2.77526123682037e-05,0.001771906390786171,H,0.0003847266489174217,0.9975825548171997,0.0004317814309615642,2.450996589686838e-06,1.6844127458170988e-05,5.912301276111975e-05,0.0006279646186158061,0.0008945820154622197,-63.09683609008789,-41.14189529418945,0.002643769374117255
>Sequence,L,134,0.0721835121512413,14.508885942399502,H,0.9982998967170715,2.7311603844282217e-05,0.0016728980699554086,H,0.0003520272730384022,0.9971904158592224,0.0010359848383814096,2.8495162496255944e-06,1.436186175851617e-05,5.22297814313788e-05,0.0006743509438820183,0.0006778149399906397,-63.804779052734375,-43.83560562133789,0.0013635552022606134
>Sequence,A,135,0.02390943095088005,3.0843165926635265,H,0.996404767036438,2.4237051547970623e-05,0.0035710043739527464,H,0.0009869292844086885,0.9958670139312744,0.0005339112831279635,4.569289558276068e-06,9.854269592324272e-06,0.00010166365245822817,0.0013057414907962084,0.001190380658954382,-61.260929107666016,-40.83063507080078,0.0008055957150645554
>Sequence,R,136,0.7128680348396301,195.32584154605865,H,0.9920918941497803,4.789908052771352e-05,0.007860173471271992,H,0.0033713968005031347,0.989194393157959,0.0009641027427278459,9.996769222198054e-06,2.375030999246519e-05,0.00019652150513138622,0.004902523476630449,0.0013372404500842094,-63.06731414794922,-39.52004623413086,0.002494686283171177
>Sequence,S,137,0.674716591835022,104.5810717344284,H,0.9771450757980347,3.658134664874524e-05,0.022818313911557198,H,0.007486274931579828,0.970879852771759,0.0015495015541091561,6.303477221081266e-06,1.7026433852151968e-05,0.0005350661231204867,0.01772359572350979,0.0018023375887423754,-65.8929672241211,-30.786666870117188,0.0027382047846913338
>Sequence,Y,138,0.1685609370470047,44.331526443362236,H,0.5540078282356262,4.962807724950835e-05,0.44594258069992065,H,0.013374158181250095,0.5681261420249939,0.0007239228580147028,2.7552678147912957e-05,6.871248388051754e-06,0.010944824665784836,0.3992259204387665,0.007570598274469376,-98.85264587402344,-3.919313907623291,0.0009898606222122908
>Sequence,G,139,0.7628987431526184,79.34146928787231,C,0.000903888838365674,0.00010159928206121549,0.9989945292472839,T,0.00024776437203399837,0.0004060190112795681,1.9859415260725655e-05,2.595514706627e-05,5.475950820255093e-05,0.01570926047861576,0.8910803198814392,0.09245606511831284,67.7488021850586,30.44632339477539,0.0024388073943555355
>Sequence,I,140,0.035426702350378036,6.979060363024473,C,2.0908870283165015e-05,0.003351179650053382,0.9966278672218323,C,4.241271653881995e-06,6.361494797602063e-06,1.712529922315298e-07,0.00032129333703778684,0.002151207299903035,0.061429619789123535,0.000200756432604976,0.9358862638473511,-106.8320541381836,132.0186004638672,0.00034108784166164696
>Sequence,P,141,0.3748262822628021,59.59737887978554,C,0.0002647325745783746,0.01053757406771183,0.9891976714134216,C,9.084805060410872e-05,2.6559440811979584e-05,3.2832988949849096e-07,0.00046930613461881876,0.00644947774708271,0.027653049677610397,0.0012709770817309618,0.9640393853187561,-63.69392395019531,143.90707397460938,0.0003647457924671471
>Sequence,F,142,0.13248156011104584,31.795574426651,E,0.0001549243024783209,0.964102566242218,0.035742565989494324,E,0.00011553003423614427,4.1986830183304846e-05,1.922231058415491e-05,0.011958055198192596,0.9464514255523682,0.00424392381682992,0.0005314650479704142,0.03663843870162964,-124.16252899169922,135.1956329345703,0.0005586149054579437
>Sequence,I,143,0.0633007138967514,12.470240637660027,E,3.376026143087074e-05,0.9935059547424316,0.006460299249738455,E,1.193748084915569e-05,7.216761332529131e-06,1.4815367421761039e-06,0.0005670938408002257,0.992790937423706,0.0002748908882495016,2.8742768336087465e-05,0.006317665334790945,-118.09596252441406,130.65383911132812,0.000189865444554016
>Sequence,E,144,0.22191563248634338,49.487186044454575,E,3.305689824628644e-05,0.9947339296340942,0.005233058240264654,E,1.036130834108917e-05,8.297603017126676e-06,9.802859040064504e-07,0.0007883005309849977,0.9935199618339539,0.0001805782230803743,4.232300125295296e-05,0.0054492345079779625,-91.08881378173828,131.82034301757812,0.0003686869749799371
>Sequence,T,145,0.010144144296646118,1.7447928190231323,E,0.0001383758062729612,0.7717993855476379,0.2280622124671936,E,8.36481194710359e-05,4.347220601630397e-05,2.535284465920995e-06,0.004774745553731918,0.7343835830688477,0.007723058573901653,0.0007192838238552213,0.25226977467536926,-131.24432373046875,152.5223846435547,4.781150710186921e-05
>Sequence,S,146,0.09322181344032288,14.449381083250046,C,0.00010572123574092984,0.26994550228118896,0.7299488186836243,C,4.6146800741553307e-05,2.109643719450105e-05,1.7244695982299163e-06,0.04704660177230835,0.12203746289014816,0.012375320307910442,0.0013751864898949862,0.8170965313911438,-92.00100708007812,138.69769287109375,0.00020325365767348558
>Sequence,A,147,0.03433747962117195,4.429534871131182,C,0.021656284108757973,0.0006553158164024353,0.9776883125305176,T,0.051847755908966064,0.00710090110078454,9.391580533701926e-06,0.0009656695183366537,0.0003424815076868981,0.038785263895988464,0.6185570955276489,0.28239139914512634,-61.9110221862793,-15.411576271057129,0.00017130785272456706
>Sequence,K,148,0.5733475685119629,135.31002616882324,C,0.08034546673297882,0.00036236681626178324,0.919292151927948,T,0.038228508085012436,0.009670821018517017,5.6356857385253534e-05,0.00011332900612615049,3.6694669688586146e-05,0.03458161652088165,0.906865656375885,0.010447106324136257,-67.3814697265625,-31.253538131713867,0.0017029681475833058
>Sequence,T,149,0.5032822489738464,86.56454682350159,C,0.0826302021741867,0.00030043546576052904,0.9170693755149841,T,0.03667634353041649,0.010125894099473953,3.694624319905415e-05,0.00015547533985227346,2.62917710642796e-05,0.03968331962823868,0.9044095873832703,0.008886145427823067,-103.40837860107422,-5.8716816902160645,0.0005238708108663559
>Sequence,R,150,0.3652980625629425,100.09166914224625,C,0.007045673672109842,0.00169186491984874,0.9912625551223755,C,0.011122307740151882,0.00263963732868433,0.0001667786855250597,0.0033131721429526806,0.0014676405116915703,0.18522991240024567,0.17941521108150482,0.616645336151123,64.1265869140625,40.259605407714844,0.001907249796204269
>Sequence,Q,151,0.4448224604129791,100.0850535929203,C,0.016590043902397156,0.025108426809310913,0.9583014845848083,C,0.017910439521074295,0.01331508718430996,0.0004802347393706441,0.12500612437725067,0.012490874156355858,0.26520970463752747,0.19299593567848206,0.3725915551185608,-84.47710418701172,142.51467895507812,0.0025507400278002024
>Sequence,G,152,0.15088360011577606,15.69189441204071,C,0.06193389743566513,0.018166642636060715,0.9198995232582092,C,0.03283930569887161,0.029161522164940834,0.0017909243470057845,0.028625529259443283,0.008971880190074444,0.22496536374092102,0.335912823677063,0.33773273229599,82.6619873046875,20.010908126831055,0.0007778106373734772
>Sequence,V,153,0.014551776461303234,2.5320091042667627,H,0.9960058331489563,3.236963311792351e-05,0.003961746580898762,H,0.005291214678436518,0.9889288544654846,0.0005501176929101348,1.8146552974940278e-05,1.5185656593530439e-05,0.00046436680713668466,0.0018568029627203941,0.0028753490187227726,-62.084632873535156,-40.65929412841797,0.00024834348005242646
>Sequence,D,154,0.3580503463745117,69.10371685028076,H,0.9995050430297852,6.353684511850588e-06,0.0004886743845418096,H,0.0010084663517773151,0.9983623623847961,0.00016799448349047452,1.2380285170365823e-06,2.9799507501593325e-06,1.9182818505214527e-05,0.00016912083083298057,0.00026867236010730267,-62.17259216308594,-41.78656005859375,0.0008669444941915572
>Sequence,D,155,0.4789038300514221,92.42843919992447,H,0.9993590712547302,1.21900311569334e-05,0.0006287539144977927,H,0.0005291791749186814,0.998496413230896,0.0004161857650615275,9.63352931648842e-07,7.112894309102558e-06,1.7587803085916676e-05,0.00028694383217953146,0.0002455507928971201,-64.86853790283203,-39.56729507446289,0.0008842200040817261
>Sequence,A,156,0.012736940756440163,1.643065357580781,H,0.999176561832428,9.914078873407561e-06,0.0008134981035254896,H,0.00027260667411610484,0.9988227486610413,0.0003520808240864426,7.619395319125033e-07,3.033178927580593e-06,1.7031157767632976e-05,0.0003262366517446935,0.0002054382348433137,-63.8282585144043,-42.254886627197266,0.00018314919725526124
>Sequence,F,157,0.012994349002838135,3.1186437606811523,H,0.9989960789680481,4.6358578401850536e-05,0.000957569747697562,H,0.00026123280986212194,0.9977344274520874,0.001357335364446044,5.83117434871383e-06,1.1631332199613098e-05,4.0034348785411566e-05,0.0003352415224071592,0.00025420350721105933,-64.10458374023438,-42.689388275146484,0.0004663712752517313
>Sequence,Y,158,0.31207403540611267,82.07547131180763,H,0.998946487903595,4.4842887291451916e-05,0.001008588820695877,H,0.00015750096645206213,0.998353123664856,0.0008289770339615643,2.2896178961673286e-06,1.7281548934988678e-05,2.875026075344067e-05,0.00024905765894800425,0.00036301318323239684,-62.819862365722656,-42.340484619140625,0.00045025249710306525
>Sequence,T,159,0.26399901509284973,45.407830595970154,H,0.998992383480072,7.935523171909153e-05,0.0009282943792641163,H,0.00020964400027878582,0.9965201616287231,0.0025506168603897095,3.339024033266469e-06,3.755334910238162e-05,3.141741763101891e-05,0.00032956100767478347,0.0003177207545377314,-63.3648796081543,-42.16289138793945,0.0007729933131486177
>Sequence,L,160,0.008028161711990833,1.6136605041101575,H,0.9989012479782104,6.276458589127287e-05,0.0010359984589740634,H,0.00011326069943606853,0.9974122643470764,0.0018031862564384937,3.346816356497584e-06,2.1374455172917806e-05,2.7518548449734226e-05,0.00030966190388426185,0.0003094954008702189,-64.17906188964844,-44.228214263916016,0.0003740109095815569
>Sequence,V,161,0.016626857221126556,2.893073156476021,H,0.9992939233779907,4.5821041567251086e-05,0.0006602290086448193,H,8.090627670753747e-05,0.998524010181427,0.0009353585192002356,3.0193955353752244e-06,1.3826709619024768e-05,1.6577545466134325e-05,0.00020515751384664327,0.00022119803179521114,-62.73469161987305,-42.192970275878906,0.00036458313115872443
>Sequence,R,162,0.47077813744544983,128.99320966005325,H,0.9985502362251282,6.39507343294099e-05,0.0013858757447451353,H,0.00023023434914648533,0.9975630044937134,0.0011707964586094022,4.450012056622654e-06,2.715882146731019e-05,3.530445246724412e-05,0.0004258143890183419,0.0005432098405435681,-61.87599563598633,-42.890281677246094,0.0020205785986036062
>Sequence,E,163,0.36215803027153015,80.76124075055122,H,0.9980541467666626,4.0623010136187077e-05,0.0019052609568461776,H,0.00034562876680865884,0.9962827563285828,0.0018071196973323822,3.0749856705369893e-06,2.020819010795094e-05,4.563019683700986e-05,0.0007515019387938082,0.0007440866902470589,-62.837886810302734,-41.816078186035156,0.004318134859204292
>Sequence,I,164,0.017021741718053818,3.353283118456602,H,0.9955279231071472,5.252360278973356e-05,0.004419512115418911,H,0.00033896195236593485,0.9943060278892517,0.0021242164075374603,6.564209343196126e-06,2.2194300981936976e-05,9.729471639730036e-05,0.0014750307891517878,0.0016295983223244548,-63.95429611206055,-43.16652297973633,0.001449005794711411
>Sequence,R,165,0.3912082314491272,107.19105541706085,H,0.9757120013237,0.00030866326414979994,0.02397926151752472,H,0.002095960546284914,0.9754981398582458,0.0019096110481768847,8.824058022582904e-05,0.0001305166370002553,0.00045541711733676493,0.008664253167808056,0.011157874017953873,-63.93716049194336,-38.73335647583008,0.010437420569360256
>Sequence,K,166,0.6643756628036499,156.79265642166138,H,0.9038823246955872,9.516065620118752e-05,0.09602256864309311,H,0.004389369860291481,0.9362355470657349,0.0012966925278306007,2.4235087039414793e-05,5.222387699177489e-05,0.0016445083310827613,0.03507285937666893,0.021284518763422966,-65.80770874023438,-34.08913803100586,0.013131968677043915
>Sequence,H,167,0.5866109132766724,131.4008445739746,H,0.720999538898468,0.0002319429040653631,0.27876847982406616,H,0.010008596815168858,0.7888645529747009,0.0060890717431902885,0.00011188237112946808,0.00011096672096755356,0.008919295854866505,0.11952265352010727,0.06637301295995712,-78.33203125,-25.01280975341797,0.036649394780397415
>Sequence,K,168,0.5557029843330383,131.14590430259705,C,0.26539087295532227,0.0038802127819508314,0.7307288646697998,C,0.016835132613778114,0.28486913442611694,0.008893380872905254,0.003586873644962907,0.002067473018541932,0.061345454305410385,0.15111374855041504,0.4712887406349182,-82.54694366455078,-0.26242586970329285,0.16785085201263428
>Sequence,E,169,0.6715115308761597,149.7470713853836,C,0.01902140863239765,0.0034659956581890583,0.977512538433075,C,0.002083818893879652,0.00915767066180706,0.0002833527105394751,0.001920681563206017,0.0016171324532479048,0.017133843153715134,0.034941308200359344,0.9328622221946716,-80.52043151855469,71.44475555419922,0.328669935464859
>Sequence,K,170,0.8142658472061157,192.1667399406433,C,0.0024475902318954468,0.00048246889491565526,0.9970699548721313,C,0.0005422187387011945,0.001304379664361477,2.339521779504139e-05,0.0002300207270309329,0.0003061436000280082,0.025521695613861084,0.014827352948486805,0.9572446942329407,-93.57427215576172,93.95416259765625,0.41681885719299316
