,A,C,D,E,F,G,H,I,K,L,M,N,P,Q,R,S,T,V,W,Y
0,-3.1949198,-5.0489454,-4.205289,-3.8095906,-3.9841473,0.0,-4.7404785,-3.9301465,-2.9314237,-3.1393073,-0.12923789,-3.7992613,-4.06583,-3.1463466,-3.227607,-3.3152382,-3.2046883,-3.7662246,-5.9188595,-4.626649
1,-1.5362909,-5.5196037,-5.982395,-6.47612,-4.7514267,-2.2932177,-6.6058884,-3.169031,-3.2888343,-5.0929184,0.0,-3.790115,-3.332043,-4.6416445,-4.060377,-1.3811364,0.3165211,-3.6865842,-7.999754,-5.466279
2,-6.5629864,-11.307515,-12.12538,-12.567303,-12.869715,-10.376712,-13.5685425,-9.380206,-10.784852,-11.731066,-9.422568,-10.2406,-8.997384,-10.827167,-10.910208,-7.980496,0.0,-9.317607,-14.936811,-13.022385
3,-11.817062,-15.697332,-9.760685,0.0,-15.391157,-13.122209,-14.884711,-12.021124,-12.413725,-10.945112,-13.182462,-13.298211,-14.311316,-9.80815,-15.734503,-13.141627,-12.561844,-12.4567175,-18.124535,-15.680996
4,-14.569214,-9.439905,-13.26974,-14.267536,-6.955662,-15.123114,-7.7478747,-9.126816,-12.550678,-10.237153,-13.021832,-10.579886,-15.069662,-12.688729,-12.053993,-11.743718,-12.127609,-12.009228,-11.555213,0.0
5,-14.749153,-13.20268,-13.2583475,-12.673884,-12.450312,-15.080261,-11.362027,-12.470588,0.0,-12.84567,-14.852884,-9.742154,-12.622312,-10.423431,-10.659029,-11.290724,-10.874448,-14.768392,-15.410435,-12.078345
6,-14.433688,-13.514763,-16.192614,-14.443876,-10.377696,-16.261288,-11.4981,-9.438538,-13.6302185,0.0,-11.186501,-13.911237,-10.6080065,-10.795582,-14.840456,-13.813608,-13.253451,-10.376788,-15.440921,-13.091786
7,-10.648976,-11.173696,-14.03818,-14.215963,-14.455101,-12.173057,-15.361233,-6.474118,-14.563508,-8.657711,-11.7356205,-14.681523,-12.488457,-14.078413,-14.240352,-13.570076,-11.344591,0.0,-17.096119,-15.7570095
8,-11.094393,-12.948337,-16.324715,-13.980735,-14.8953495,-16.422607,-16.360592,-9.870439,-15.397504,-8.797029,-9.751356,-16.877207,-15.66014,-14.066527,-15.396099,-15.248752,-12.072922,0.0,-16.861591,-15.549496
9,-9.908567,-10.941593,-14.444437,-13.667198,-13.29994,-13.172535,-17.194092,-11.748039,-16.729467,-10.163515,-14.175211,-15.537788,-14.047924,-17.747475,-16.125875,-12.917113,-12.628784,0.0,-17.119448,-15.656359
10,-13.69277,-13.687953,-13.720191,-15.407969,-17.097992,0.0,-17.347197,-18.046556,-17.885614,-18.275755,-17.195322,-15.380813,-19.153801,-18.106308,-13.698338,-12.353767,-16.534414,-15.251713,-16.526869,-17.265114
11,0.0,-7.739824,-11.404881,-10.778635,-10.172361,-4.887519,-11.47403,-7.448771,-11.087855,-11.213377,-12.698287,-8.712736,-8.282439,-11.400957,-11.857987,-2.2599483,-5.939068,-8.485756,-12.337747,-10.49786
12,-7.5274024,-8.951572,-9.960821,-10.678972,-12.845509,0.0,-12.747456,-12.429365,-12.768124,-12.336565,-13.845005,-10.428751,-12.042252,-12.591356,-8.938452,-7.2510276,-11.06405,-9.464267,-10.991562,-12.02112
13,-10.049809,-11.508198,-11.728494,-11.97731,-15.399612,0.0,-14.475145,-14.731857,-13.90837,-15.240852,-16.368292,-11.596247,-16.235918,-15.232847,-11.854314,-9.834728,-13.844362,-13.6312,-12.706393,-13.66897
14,-10.855296,-10.806477,-13.469317,-15.577355,-14.41662,-10.065447,-15.254264,-12.1595,-16.600628,-15.801725,-14.742886,-13.052879,-15.501313,-17.798157,-15.04307,-10.011451,-11.33632,0.0,-14.446149,-13.767954
15,-13.546093,-13.4432955,-14.277363,-13.666104,-16.774853,0.0,-16.617363,-17.968523,-15.627401,-16.248875,-16.682373,-14.7881155,-18.037706,-15.664525,-12.057134,-12.507773,-15.460114,-14.932273,-14.8027315,-16.57768
16,-13.884806,-14.9056425,-13.003859,-10.501729,-16.032356,-13.613931,-16.074144,-13.669586,0.0,-15.555311,-14.315415,-12.388987,-16.429573,-14.506911,-11.355854,-13.030262,-11.952526,-14.737671,-15.782279,-15.424101
17,-11.946156,-10.785113,-14.54949,-15.877333,-11.063405,-12.155632,-13.001058,-11.762644,-13.16324,-9.287018,-12.6595745,-11.652002,-9.098,-13.287676,-9.526528,0.0,-7.9643617,-14.330046,-12.019471,-11.642443
18,0.0,-10.669312,-17.292912,-16.420784,-16.994068,-12.920798,-19.735102,-17.74577,-19.979038,-16.510853,-17.872173,-17.411718,-18.407269,-18.246758,-18.179253,-12.178474,-13.740906,-14.583535,-18.770954,-17.949585
19,-17.148651,-10.681316,-20.344036,-20.184755,-13.292121,-18.19553,-15.572783,-13.42339,-18.34245,0.0,-11.62069,-17.308302,-15.141819,-16.45859,-15.416468,-15.610125,-15.68018,-13.754629,-17.570517,-15.812991
20,-10.610632,-14.938465,-16.218542,-17.55275,-17.042656,-15.344927,-16.447762,-10.3855915,-14.588734,-14.093301,-11.998474,-11.975739,-15.181671,-16.20028,-13.402512,-10.554411,0.0,-12.301657,-18.70322,-18.00303
21,-18.221577,-17.713594,-19.909458,-21.643452,-17.964436,-18.66371,-18.595123,0.0,-19.315428,-13.933075,-15.314355,-16.308233,-22.07316,-19.538214,-17.747412,-18.161594,-14.678296,-11.372686,-20.58602,-19.762161
22,-17.955196,-13.007946,-18.666866,-14.829803,-16.565601,-16.070543,-12.244659,-16.640018,-13.63793,-13.781895,-15.945103,-16.003756,-16.625103,0.0,-10.622725,-14.552031,-16.191404,-17.949196,-15.735051,-17.03086
23,-16.716286,-14.829963,-18.562523,-19.309174,-7.3033557,-18.030588,-13.172652,-12.047721,-16.977657,0.0,-11.251644,-16.01236,-15.172423,-15.662957,-15.532631,-15.244187,-15.959919,-13.657391,-14.471516,-12.218912
24,-15.1033945,-12.863306,-16.763798,-15.434767,-10.904238,-15.590683,-15.43373,0.0,-11.598109,-10.528437,-12.168697,-14.105319,-18.22528,-15.054649,-15.0131855,-14.129099,-10.658968,-11.918361,-16.14738,-14.30623
25,-16.795834,-15.183374,-16.345226,-15.009937,-15.802545,-17.237854,-12.724554,-16.080708,-11.982464,-10.974689,-15.144323,-15.109295,-19.627323,0.0,-10.069773,-13.059569,-14.888413,-17.232931,-16.753506,-16.556454
26,-11.968255,-11.075095,-8.226756,-14.5144825,-12.076733,-11.627328,-9.976395,-14.222337,-8.264661,-15.216292,-15.566147,0.0,-15.743928,-12.128901,-11.8845215,-5.6221294,-11.816787,-15.991884,-16.697151,-12.510918
27,-13.797682,-10.452905,-12.21424,-9.131502,-13.382974,-15.014335,0.0,-10.930999,-9.260536,-13.101164,-14.895357,-9.972145,-14.537828,-8.343386,-10.095149,-11.049583,-11.344046,-14.3620825,-15.289595,-9.916836
28,-17.287792,-13.148267,-15.720817,-16.731804,0.0,-11.191136,-15.257382,-12.933011,-18.110025,-13.474376,-15.130954,-16.569366,-15.8920765,-16.247684,-14.224319,-14.59959,-16.529089,-15.381752,-6.6934495,-10.964864
29,-13.095965,-13.687322,-14.523644,-15.26997,-16.390337,-16.488491,-15.878555,-10.171949,-16.574152,-14.594105,-11.661272,-13.968753,-16.60785,-14.385741,-16.003363,-15.925869,-13.055311,0.0,-18.645813,-16.23802
30,-12.47008,-15.4788685,0.0,-9.546658,-17.080582,-13.763379,-13.728346,-15.094511,-15.457588,-16.256393,-17.289661,-11.840591,-16.13178,-14.21299,-16.276995,-14.3731785,-12.723039,-13.784772,-19.557688,-14.065047
31,-10.707599,-15.081139,-7.836904,0.0,-16.247242,-12.061724,-14.511094,-15.301015,-10.932735,-15.662329,-15.655977,-12.989595,-16.36314,-11.1478,-15.560058,-13.2911825,-11.705674,-12.731039,-19.399254,-14.141285
32,-16.764746,-10.307332,-14.479446,-15.294323,-9.584851,-17.648098,-11.323053,-17.698227,-17.448265,-15.780222,-18.1752,-15.79213,-16.015987,-15.996094,-15.401508,-15.305087,-17.915564,-17.338415,-14.501063,0.0
33,-13.31492,-15.968485,0.0,-10.742826,-16.571426,-12.480375,-13.909315,-14.534546,-17.844482,-17.27655,-17.48289,-12.466363,-15.933425,-16.090109,-17.606197,-15.610226,-16.046291,-12.520729,-19.206358,-12.681843
34,-11.544664,-14.593043,-16.70562,-16.6517,-15.586924,-15.644937,-13.613072,-16.810295,-17.040373,-10.520834,-17.02954,-16.520666,0.0,-14.159842,-13.824066,-11.199797,-13.569346,-15.57735,-15.80959,-16.608025
35,-14.29353,-16.022926,-16.544937,-18.610653,-17.164618,-17.907936,-16.803057,-14.738041,-15.833918,-15.522231,-16.312275,-14.114511,-14.390842,-16.290995,-15.909676,-12.010202,0.0,-16.736141,-19.445663,-15.985841
36,-14.422713,-14.322394,-16.678698,-17.95499,-13.253321,-17.900871,-15.919282,0.0,-13.991384,-10.72757,-12.924902,-16.792706,-14.971131,-10.393456,-17.869375,-13.341685,-14.922352,-10.247768,-18.754131,-15.479455
37,-9.362154,-13.763036,-8.6285305,0.0,-11.1890955,-13.546769,-13.512495,-15.630684,-12.954618,-11.557732,-16.87237,-15.218231,-12.251968,-10.852414,-15.222266,-10.545206,-12.992048,-15.095476,-15.620299,-14.509143
38,-13.289704,-13.913363,0.0,-12.743458,-14.194471,-12.080438,-12.5249405,-14.410007,-17.262571,-14.354761,-17.582666,-10.24332,-14.924167,-15.861093,-16.777622,-10.580747,-14.79076,-14.510347,-16.852184,-12.948652
39,-11.459912,-12.510669,-16.605469,-16.619385,-13.29295,-13.265009,-15.042282,-15.516909,-16.598354,-12.868488,-17.452986,-13.233466,-13.664583,-16.411839,-16.032682,0.0,-12.774832,-16.093746,-17.132555,-14.061973
40,-14.453022,-8.551961,-14.742082,-14.606876,-9.324205,-14.785496,-11.037117,-13.01697,-12.853016,-13.845285,-15.168363,-12.148359,-17.6091,-14.146124,-12.47791,-11.206374,-11.68069,-13.560517,-14.057066,0.0
41,-14.16818,-12.646755,-17.525238,-16.70761,-16.827044,-14.577095,-12.727091,-12.566552,-11.526084,-12.584316,-15.692699,-12.185516,-15.922886,-12.790402,0.0,-12.025285,-10.236332,-16.238964,-13.216165,-15.658235
42,-14.017547,-14.9626045,-18.79338,-16.669466,-16.498287,-15.611866,-12.036998,-13.53656,0.0,-13.304506,-14.330724,-13.048721,-15.525799,-11.09659,-7.908274,-13.828748,-9.463612,-17.243103,-17.184025,-16.49982
43,-12.820691,-14.132815,-13.471044,-11.78543,-15.324709,-15.077067,-7.0797653,-13.171814,-8.551225,-9.142329,-12.281385,-11.416153,-12.41897,0.0,-11.232762,-12.165525,-11.452429,-13.677873,-16.016315,-13.413909
44,-9.965712,-8.939278,-17.554428,-15.182638,-16.816195,-13.859544,-16.855883,-10.03949,-15.711481,-12.996161,-11.985431,-15.216672,-16.104841,-15.63705,-15.736107,-13.193066,-10.874889,0.0,-18.326334,-17.956833
45,-10.845651,-10.109329,-11.487775,-9.2445,-13.25405,-14.453557,-8.624654,-9.673893,-13.749404,-10.796992,-8.357195,-11.655197,-13.462268,-9.332477,-12.801669,-11.064018,-9.903709,0.0,-15.910937,-12.2126665
46,-16.32798,-15.5056505,-18.911139,-18.523756,-14.360662,-18.26992,-16.843824,0.0,-17.750177,-8.726837,-12.285978,-17.059057,-17.924223,-15.416748,-16.798674,-15.158474,-14.25881,-10.007635,-19.78851,-17.20784
47,-15.273039,-16.862976,0.0,-10.8232975,-20.79822,-12.301731,-15.727593,-19.886227,-17.289362,-18.890337,-19.600437,-11.833733,-20.39545,-16.240932,-17.542406,-15.348692,-17.024364,-18.682821,-21.757591,-17.118055
48,-11.027603,-11.674989,-5.8113413,-5.630169,-16.78527,0.0,-12.486667,-15.997683,-10.738038,-15.902859,-15.749741,-9.300518,-17.64974,-10.245182,-10.506445,-8.614378,-11.821825,-12.8087845,-15.322586,-13.7474785
49,-11.07736,-14.185247,-7.0726643,0.0,-16.084648,-11.365805,-12.209371,-13.885494,-10.980421,-13.861015,-14.778156,-11.0750475,-17.41338,-9.0806675,-12.9233885,-10.450274,-11.964669,-11.731651,-15.479098,-15.001154
50,-7.930318,-14.622473,-15.247186,-13.959166,-17.129765,-14.19724,-14.080921,-12.36705,-13.832926,-14.172989,-12.507795,-12.63062,-11.11985,-11.036869,-13.635547,-11.026728,0.0,-10.855177,-11.998527,-16.437943
51,-6.7491827,0.0,-15.748592,-17.132011,-12.765869,-10.517703,-15.162828,-13.630375,-15.714481,-14.268221,-16.55808,-13.410487,-18.166855,-16.310415,-13.045695,-8.835072,-11.025964,-11.519559,-13.835622,-11.53667
52,-11.651978,-13.056956,-14.057549,-13.157724,-13.688043,-13.428579,-12.128929,-10.102307,-12.167289,0.0,-10.166884,-10.6351,-12.841772,-9.688515,-10.338413,-10.976298,-10.944439,-10.038263,-15.562078,-13.8220825
53,-15.204218,-14.962478,-16.977762,-16.65109,-13.506328,-16.608923,-16.505024,-8.303061,-17.898455,0.0,-12.435535,-17.380348,-13.661032,-15.744689,-13.624696,-15.827532,-15.476879,-12.1327305,-16.766266,-18.172009
54,-11.910999,-17.182442,0.0,-9.555145,-19.650776,-12.01992,-15.0964775,-18.93924,-15.435044,-17.39197,-19.01622,-12.4144745,-17.875961,-16.503912,-17.325636,-15.715648,-16.142193,-15.706973,-19.994257,-16.35355
55,-13.424265,-15.538813,-15.037246,-15.212274,-15.989864,-16.022858,-18.766014,0.0,-15.616317,-10.749061,-12.577422,-16.079296,-16.114077,-16.813377,-15.352764,-16.376646,-12.966702,-5.8626213,-20.800936,-19.578545
56,-13.156063,-14.055257,-13.958308,-14.834811,-12.372357,-14.415695,-12.178303,-12.217937,-11.671138,0.0,-12.621327,-13.172459,-11.985321,-10.102053,-9.580446,-13.389076,-13.443725,-11.286753,-14.622291,-15.11632
57,-13.721886,-16.050323,0.0,-12.598641,-18.412354,-11.621642,-14.254558,-17.173883,-16.541067,-17.799192,-18.268087,-11.996713,-16.126015,-17.646479,-15.084661,-15.975273,-17.420113,-13.545284,-19.272133,-13.756172
58,-12.689711,-15.263395,-18.219269,-17.944204,-19.649826,-17.649979,-17.98758,-14.739058,-15.899658,-15.861142,-16.162464,-15.723803,-13.617861,-16.898272,-15.478073,-13.574919,0.0,-16.211128,-19.491814,-18.5023
59,0.0,-17.19348,-16.931515,-16.072386,-20.736717,-14.905211,-19.037188,-18.869453,-15.361363,-19.129826,-19.200508,-18.466196,-15.419954,-16.692936,-16.133423,-12.005127,-14.38986,-16.03508,-20.72555,-19.000664
60,-11.508299,-13.1676655,-12.689348,-14.038093,-18.310701,0.0,-17.323385,-17.86681,-16.4119,-17.516165,-18.383427,-16.222326,-17.455757,-16.903542,-13.0869255,-12.41144,-15.892764,-14.828834,-15.82899,-17.708525
61,-14.49562,-15.046491,-12.719255,-14.565766,-18.93283,-14.961897,-13.21279,-12.813794,-12.860331,-12.553021,-14.913484,-13.298809,-13.321989,0.0,-12.7822075,-12.302164,-9.6100025,-13.804554,-17.707928,-15.566653
62,-11.556545,-18.000292,-9.460997,0.0,-19.017447,-12.572356,-15.18127,-17.154104,-12.259497,-16.580826,-16.767416,-14.561915,-14.723774,-12.147877,-15.032186,-14.516607,-14.745807,-12.793887,-19.374538,-17.845192
63,-12.25424,-16.113071,-3.581954,0.0,-16.99681,-12.659218,-14.456825,-14.613154,-11.605025,-15.360168,-17.107042,-13.57642,-14.370997,-11.113308,-15.080442,-14.00053,-14.7442665,-13.603551,-17.404518,-15.097991
64,-16.734665,-12.8787775,-11.826471,-13.359638,-6.5642343,-15.886154,-11.2227955,-13.5926285,-17.552721,-13.46405,-17.923088,-14.602568,-14.877768,-15.888974,-16.366268,-14.181027,-15.3805685,-16.40414,-15.373257,0.0
65,-8.547972,-12.841464,-9.866613,-10.839177,-14.0955925,-8.426461,-12.032456,-12.361182,-12.714441,-12.041968,-12.983143,-7.879651,-10.104548,-12.538572,-13.211905,0.0,-6.2710032,-14.067655,-15.784196,-10.221426
66,0.0,-17.263697,-15.354864,-13.316498,-19.009344,-14.132906,-18.354412,-17.05519,-14.358567,-16.120735,-17.270996,-16.563488,-15.228924,-15.600756,-17.75105,-11.7212925,-12.7797365,-14.4129,-21.067396,-17.268023
67,-16.87945,-19.786407,-19.33474,-18.381878,-16.915,-19.097408,-18.64771,-12.221679,-15.367959,-9.402467,0.0,-16.948341,-17.235472,-15.734171,-15.55079,-17.10152,-14.226963,-14.822471,-19.264061,-18.63402
68,-15.940907,-13.384575,-17.5464,-16.35271,-17.72384,-16.230503,-12.060979,-15.2131405,-12.783957,-9.138201,-14.154697,-14.925596,-14.406472,-12.084447,0.0,-14.052974,-14.7985525,-15.890362,-15.4865675,-15.697556
69,-10.997116,-16.254055,0.0,-5.8135715,-15.249262,-11.828737,-13.513836,-14.50931,-14.294321,-13.358043,-15.203407,-12.327894,-14.313395,-12.901652,-15.697371,-13.974759,-14.388523,-8.683228,-17.92543,-15.223207
70,-15.638418,-16.735863,-16.633987,-14.735849,-15.458332,-15.215496,-10.686736,-17.129963,-15.095,-13.113056,-17.851053,-6.1102595,-14.014294,0.0,-16.583801,-12.211246,-16.720352,-17.788013,-17.10285,-13.799663
71,-18.533232,-13.044527,-16.575972,-18.226162,-11.674082,-18.614202,-12.0655575,-17.32909,-20.690296,-15.136138,-18.994417,-16.298025,-18.03868,-15.620489,-17.225174,-14.078782,-18.175734,-15.926934,-12.618328,0.0
72,-15.690113,-15.995419,-18.10313,-17.204731,-11.764709,-17.580616,-16.526815,-11.839537,-16.680988,-11.379602,0.0,-15.3225155,-17.665222,-14.746292,-16.552391,-14.66193,-13.408292,-13.948365,-17.9962,-14.34137
73,-15.688849,-12.859261,-17.165361,-16.244837,-19.113909,-13.426273,-12.004732,-16.624006,-11.604773,-13.488591,-16.43428,-14.72389,-14.096692,-12.39216,0.0,-13.133157,-15.153404,-17.489933,-14.55793,-16.594582
74,-9.009518,-13.095481,-13.234,-16.082329,-17.01915,-14.1212435,-14.110822,-11.857091,-13.053211,-15.153927,-12.467889,-10.638471,-16.509876,-13.950115,-13.623523,-8.78667,0.0,-13.104899,-19.17866,-16.495989
75,-12.089949,-15.245299,-14.545387,-14.555557,-19.626158,0.0,-17.382868,-18.983149,-16.666552,-19.22022,-19.14432,-16.605984,-20.335915,-16.566595,-13.097567,-13.378256,-17.186483,-17.566374,-16.539719,-18.679785
76,-10.641802,-17.354677,-8.534096,0.0,-17.907051,-12.951486,-14.748366,-16.324398,-13.005956,-16.269733,-16.653059,-14.504876,-18.155222,-11.20525,-14.712905,-13.773009,-14.376609,-12.942229,-18.77287,-17.068035
77,-12.094135,-12.30658,-13.207579,-13.818605,-16.094013,0.0,-16.265207,-13.845319,-16.543938,-15.373724,-17.848785,-14.460788,-16.62666,-16.156933,-13.974269,-9.785685,-15.38425,-13.977944,-18.255896,-16.077007
78,-17.906588,-15.277702,-20.04372,-21.087065,0.0,-19.600063,-17.573107,-14.819418,-22.63889,-14.007085,-17.779966,-19.893528,-20.890993,-20.83342,-20.032492,-16.113026,-19.48606,-15.3774805,-17.096031,-12.683708
79,-12.194715,-12.493882,-15.13229,-15.080351,-10.325146,-14.282891,-15.251108,-6.7454405,-16.449324,0.0,-9.650465,-14.796713,-11.508102,-13.947832,-14.681045,-13.582064,-13.311925,-7.4048047,-16.37867,-15.429615
80,-11.213871,0.0,-16.394958,-15.323875,-11.387851,-11.684759,-13.829059,-10.69171,-16.35498,-6.5576797,-13.915433,-13.887461,-13.081913,-15.26939,-12.313687,-12.2445,-13.508047,-10.957137,-13.424994,-11.669504
81,-9.970568,-11.842738,-17.08829,-16.09691,-14.189419,-14.693352,-18.288727,-8.435447,-17.912996,-10.278433,-10.13285,-16.029324,-15.597165,-17.66636,-18.118517,-15.350999,-10.739422,0.0,-19.625462,-17.23511
82,-19.052572,-16.835247,-21.599842,-22.532713,0.0,-20.874384,-18.77639,-16.624788,-23.495152,-14.19377,-20.010677,-19.830378,-21.444895,-22.426577,-21.75449,-18.499392,-21.171902,-16.27236,-20.205437,-12.590982
83,0.0,-13.366544,-12.896507,-14.672046,-15.913031,-13.6587105,-16.498058,-14.479587,-14.87723,-14.748943,-15.907904,-13.610394,-13.03359,-15.845703,-15.648584,-7.3764405,-9.741583,-12.161509,-17.570969,-17.703033
84,-11.138676,-12.716091,-17.290123,-16.503557,-12.453402,-14.932664,-17.925886,0.0,-16.627996,-8.960595,-10.435279,-14.35551,-14.474139,-16.918278,-17.127365,-13.469294,-9.522651,-4.7526455,-17.505991,-16.184923
85,-12.119192,-12.406504,-13.446151,-17.546932,-18.060434,-12.022062,-15.265725,-12.818071,-15.896069,-16.440332,-15.487203,0.0,-16.213236,-16.026619,-15.075285,-9.225792,-7.1212745,-14.425488,-20.426392,-16.893028
86,-10.561883,-10.316179,-7.300967,-8.012182,-13.44652,-11.095288,-10.050911,-12.364838,-11.104046,-13.738857,-13.337076,0.0,-16.186794,-10.701906,-13.707212,-4.7779093,-9.215933,-12.574092,-17.513737,-12.942488
87,-6.8350496,-10.490876,-10.418967,-10.526469,-12.202541,-9.433644,-11.670454,-8.1528015,-9.902504,-10.052424,-7.5046277,-8.126152,-9.874719,-9.907474,-9.728256,-6.6755743,0.0,-7.985763,-15.171549,-12.971121
88,-14.244548,-15.474609,-15.478962,-15.251241,-18.063967,-13.323094,-14.179172,-16.160202,0.0,-15.972158,-15.649665,-12.425827,-16.926489,-12.662101,-9.017696,-12.336031,-13.730355,-17.155367,-17.84724,-17.052786
89,-12.323032,-11.438214,-15.932549,-18.436861,-14.541178,-13.654142,-16.156776,-17.274689,-17.148743,-14.254223,-17.959547,-13.172784,-14.370908,-17.750343,-14.488676,0.0,-9.592852,-17.655876,-16.331034,-14.564274
90,-16.00876,-15.838352,-19.337484,-16.516493,0.0,-17.753368,-16.5973,-15.303385,-18.582474,-12.649685,-17.102898,-19.028362,-16.593416,-16.914268,-17.401424,-16.073183,-17.954494,-15.89088,-17.017365,-11.624794
91,-8.41316,-13.154406,-6.2268243,0.0,-14.275185,-10.397603,-9.946124,-12.766688,-11.8321085,-12.928761,-13.419723,-9.09567,-12.839337,-8.533524,-14.169841,-9.9376745,-9.386293,-10.765224,-17.013203,-12.905097
92,-13.191605,-15.5284395,0.0,-5.9599986,-17.664225,-12.935412,-10.218477,-17.239761,-14.8860235,-16.209862,-17.98127,-8.1882515,-18.737005,-12.35596,-16.458933,-13.566674,-15.319714,-15.205185,-19.359142,-13.689415
93,-11.307791,-13.002099,-17.370586,-17.713398,-17.583128,-16.673225,-19.041882,0.0,-17.272552,-11.06452,-12.671597,-15.971418,-19.50331,-17.643633,-17.156494,-15.09013,-10.803898,-8.422171,-20.332504,-16.448164
94,-8.318388,-10.061854,-9.666191,-10.309558,-11.012671,-10.412931,0.0,-10.09155,-10.43898,-9.440369,-11.095653,-6.6931944,-9.980267,-6.9788456,-9.905889,-8.455776,-8.245275,-9.758581,-14.837162,-6.772257
95,-6.4564943,-9.954812,-8.205883,-6.433154,-10.659155,-8.750317,0.0,-7.2855134,-7.1128964,-7.280329,-8.379594,-4.8021035,-9.407427,-3.2108946,-8.149964,-7.4228735,-4.2230453,-7.2522783,-13.225969,-8.95036
96,-17.176483,-8.74206,-16.836777,-17.779488,-5.9368744,-17.472244,-9.972387,-13.729641,-17.851301,-10.143131,-14.910552,-14.476456,-17.655409,-13.813425,-14.719624,-12.843049,-17.28196,-16.364872,-12.837745,0.0
97,-12.725708,-10.369167,-16.004543,-13.897849,-14.117447,-13.081299,-9.293538,-11.847966,-9.129887,-11.676262,-11.523455,-10.587499,-14.333104,-8.567846,0.0,-10.443036,-9.975076,-13.153749,-11.808171,-11.177349
98,-10.550755,-14.477682,-7.033885,0.0,-16.318478,-10.499953,-11.992671,-12.854639,-10.624367,-13.26825,-13.65759,-10.436328,-16.897755,-8.245249,-13.0088825,-12.239578,-10.944847,-11.750629,-16.230814,-14.53531
99,-19.060234,-18.139309,-17.79216,-14.949808,-21.28533,-18.479897,-13.41384,-18.836487,-16.638018,-15.428158,-16.793205,-15.201327,-20.084835,0.0,-18.002182,-16.545683,-16.675806,-19.077505,-19.509798,-18.509735
100,-13.67717,-12.51078,-17.639608,-17.924038,-15.69043,-15.7192545,-18.917242,0.0,-17.811937,-12.003334,-11.240845,-15.160124,-18.301489,-18.223753,-18.286987,-14.324453,-11.151176,-8.70736,-18.8967,-17.415012
101,-12.122038,-11.696093,-15.062035,-13.352226,-14.165148,-12.67967,-11.158193,-10.860861,0.0,-10.031057,-10.388466,-10.079015,-16.78176,-9.250115,-7.0377803,-10.882794,-10.024869,-11.576466,-14.563277,-13.505302
102,-14.734839,-12.704589,-18.511902,-16.285866,-16.226496,-14.589019,-13.14327,-13.874494,-7.345349,-13.258779,-13.753648,-13.784205,-16.70159,-12.555513,0.0,-13.835792,-12.85091,-15.654949,-12.969112,-15.917114
103,-12.120972,-13.758805,-15.662257,-15.015322,-12.879198,-13.863944,-16.79971,-10.36769,-16.459381,-11.935403,-12.248049,-16.776356,-17.743093,-16.44452,-17.361412,-15.234111,-12.993663,0.0,-17.161024,-14.992284
104,-13.924186,-14.425867,-14.794141,-12.456383,-16.780378,-14.219434,-13.95686,-14.01173,0.0,-14.001114,-12.200286,-11.641022,-15.02183,-10.523132,-9.3617735,-12.912624,-11.704916,-14.716142,-15.937515,-15.865599
105,-9.838106,-12.610161,0.0,-7.452687,-14.263742,-10.416243,-9.562298,-12.874017,-12.028233,-13.054297,-13.924223,-8.577727,-12.87735,-8.376566,-12.509588,-9.444544,-10.333566,-11.088741,-13.397762,-11.838043
106,-7.2878556,-7.9533486,-9.514832,-11.14968,-12.784745,-10.15205,-11.300151,-12.071047,-7.8762436,-11.414336,-12.273575,-8.834906,-12.144126,-10.939066,-8.055515,0.0,-7.752145,-11.561131,-13.007474,-11.907718
107,-8.343168,-10.208864,-3.0617762,0.0,-12.521482,-9.009425,-8.602509,-11.536009,-9.1900425,-11.117204,-10.253246,-8.218104,-8.942819,-8.54345,-10.220785,-8.287336,-8.923793,-9.717255,-13.339724,-9.245528
108,-11.418264,-14.637182,0.0,-4.7287054,-12.07237,-10.565379,-10.627108,-13.827429,-10.868111,-12.55177,-13.239517,-7.938303,-14.921753,-10.857563,-12.229737,-10.452309,-10.34867,-12.392319,-14.706465,-10.678762
109,-8.819613,-7.387445,-16.033089,-15.097303,-6.075553,-12.151198,-11.450649,-8.800608,-14.616402,-8.715736,-9.355053,-13.4377365,-15.333511,-14.331187,-13.617594,-11.315126,-9.98881,0.0,-13.076097,-9.116019
110,-10.322533,-14.0571165,-13.786471,-13.700317,-13.885519,-13.033371,-11.329155,-13.547529,-13.561698,-10.394766,-14.365262,-12.599211,0.0,-11.157404,-11.982339,-10.218623,-10.37394,-13.829272,-18.02121,-14.704829
111,-12.241935,-12.897751,-17.430637,-16.510712,-4.310181,-14.169293,-14.425022,-8.068217,-12.055895,-8.505491,0.0,-13.555857,-15.804625,-13.664717,-12.667012,-12.173707,-10.559037,-10.16041,-14.07624,-11.858784
112,-9.260373,-12.080209,-16.473934,-14.412925,-11.156321,-13.483765,-14.856567,-5.404403,-12.6799555,-7.6110134,-7.5365043,-13.567093,-14.547251,-12.564133,-12.452066,-12.701839,-9.988911,0.0,-16.314201,-16.247883
113,-13.170535,-13.650024,-19.556995,-19.064228,-9.971224,-16.47345,-17.006025,-8.7397995,-18.25962,0.0,-9.515231,-17.828115,-12.625957,-14.752993,-15.790985,-14.577314,-13.640398,-9.533423,-16.780994,-18.901493
114,-9.8243265,-8.017233,-15.244926,-15.210989,-14.346719,-14.434046,-16.779572,-6.912145,-14.972498,-10.427511,-12.350449,-15.555307,-16.649227,-15.699017,-14.689721,-12.80298,-11.809956,0.0,-19.624771,-18.353878
115,-9.614601,-15.28748,-16.84534,-16.91998,-17.729445,0.0,-19.107227,-18.606754,-19.009487,-18.112894,-19.046108,-18.551908,-21.073534,-18.133213,-15.071156,-14.130754,-18.324392,-17.697388,-16.24797,-20.765377
116,-16.049818,-15.620454,-15.303318,-17.956348,-16.748804,-17.307583,-12.639277,-13.397913,-12.699893,-15.228295,-16.999844,0.0,-19.258747,-16.369637,-15.306953,-12.706409,-11.68387,-17.21404,-19.460491,-17.071861
117,-18.632786,-17.448181,-17.81267,-14.779441,-17.481594,-17.716024,-16.086864,-11.885006,0.0,-15.685434,-12.778985,-13.680967,-17.988752,-11.91393,-14.1917,-16.709398,-14.149602,-16.994854,-19.407677,-17.113592
118,-6.81494,0.0,-11.365086,-13.261576,-11.951156,-7.5198717,-12.381187,-9.927867,-11.358261,-11.116119,-12.886371,-9.103355,-14.28312,-12.833828,-9.91493,-7.1615486,-6.8573074,-9.529275,-13.355751,-11.201461
119,-13.216686,-15.378302,0.0,-10.772533,-16.11878,-14.381691,-11.329861,-16.730211,-16.665535,-16.62217,-18.507416,-12.808717,-17.402117,-16.19862,-16.72272,-15.531702,-16.033846,-14.114396,-17.402834,-12.791124
120,-14.391539,-16.704983,-15.160986,-15.992497,-13.50461,-17.325321,-13.680609,-11.906063,-15.6680565,0.0,-12.141473,-15.124809,-14.360763,-14.01007,-15.719864,-14.207451,-14.285029,-12.757584,-16.669924,-16.686428
121,-5.191205,-9.955719,-5.5891824,-8.023627,-10.331415,-8.424265,-8.854458,-7.9514465,-11.718747,-7.9605336,-9.640903,-8.4582205,0.0,-9.179999,-9.389393,-6.039182,-3.534574,-7.4404597,-14.901384,-11.556562
122,-4.256145,-8.404168,-8.666623,-9.3372345,-7.302827,-6.4160767,-7.9340615,-4.9131336,-6.3729544,-6.0282784,-4.4144573,-3.868499,-7.349931,-7.551513,-8.070314,0.0,-0.39276266,-7.899389,-10.900504,-7.982552
123,-11.882611,-9.924482,-13.755465,-12.500651,-13.51096,-12.716162,-10.505308,-12.496569,-4.810135,-11.074344,-11.524264,-11.776787,-13.651648,-10.729592,0.0,-11.291439,-11.702513,-12.356241,-11.127413,-12.710863
124,-3.956492,-7.7737393,-11.502538,-10.186909,-11.173842,-10.335891,-10.970738,-8.110468,-8.13875,-8.128194,-6.488398,-10.201105,-7.5897903,-8.051568,-9.98143,-6.4681177,0.0,-4.6500387,-13.375168,-13.391279
125,-8.878391,-10.923791,-9.296099,-10.97523,-11.837267,-11.287845,-11.780737,-8.190063,-12.862379,-10.491497,-10.506053,-12.963344,-12.200774,-12.653742,-12.679228,-11.967143,-10.86446,0.0,-13.65564,-12.611679
126,-11.032132,-13.684791,0.0,-6.755741,-14.9034605,-10.860938,-12.054548,-14.710579,-12.600259,-14.169794,-15.112743,-10.066895,-11.80086,-11.95818,-14.904792,-10.22274,-11.866168,-12.190662,-17.004757,-13.83237
127,-7.038769,-9.519177,-12.792968,-11.8991585,-11.056629,-9.032582,-9.879198,-8.883521,-5.254674,-10.900725,-10.264811,-8.4541445,-9.509646,-10.128144,-6.6145873,-7.083371,0.0,-9.157626,-12.770323,-7.9672184
128,-9.317598,-12.375912,-10.907943,-8.624487,-13.870104,-9.875248,-10.180795,-11.286665,0.0,-10.845479,-10.458365,-9.028059,-11.589673,-7.6607027,-6.4593196,-9.616767,-8.720695,-10.419501,-13.8762865,-12.404127
129,-9.643914,-12.761021,-11.331547,-9.415161,-14.817781,-11.620233,-8.698614,-12.793342,-8.554127,-10.283675,-10.940548,-11.366571,-10.840183,0.0,-8.34837,-10.762052,-10.270006,-11.734594,-13.72174,-12.7510605
130,0.0,-9.519178,-11.156863,-11.110875,-15.924919,-2.6771412,-14.867894,-13.3756695,-14.065811,-15.559179,-14.026149,-13.702589,-13.7733135,-14.650536,-10.357639,-7.558147,-10.948747,-9.76787,-13.9237,-14.464257
131,-7.584966,-9.376048,-12.472307,-9.735251,-11.556759,-8.486416,-7.557102,-9.010645,-6.8451967,-8.910878,-8.642018,-8.158767,-12.039779,0.0,-6.702555,-5.8806453,-7.6059246,-8.232897,-12.21468,-10.610217
132,-6.9155703,-13.7116,0.0,-4.288665,-14.403833,-9.845235,-11.323783,-12.736479,-11.029955,-12.547262,-12.560642,-9.206904,-14.834423,-9.771733,-13.501292,-9.449825,-9.9428425,-10.463735,-17.162617,-13.47194
133,-13.864906,-13.950988,-19.912222,-16.242695,-8.776767,-17.50271,-15.140537,-11.193415,-12.45215,0.0,-9.622704,-17.223627,-15.331059,-14.310435,-12.11673,-14.939699,-14.261524,-12.0261965,-14.547901,-14.752238
134,0.0,-11.121911,-15.390265,-14.631449,-15.772107,-9.515021,-15.591651,-14.400566,-14.304608,-14.801517,-14.501577,-15.158381,-13.292194,-14.618151,-13.003387,-7.357803,-9.445293,-11.004337,-16.757458,-15.700525
135,-9.61537,-10.335822,-12.899614,-12.238284,-13.640005,-11.079371,-10.341738,-11.626696,-6.2069254,-10.9936285,-11.539276,-10.433575,-15.716113,-9.582194,0.0,-9.596408,-10.008203,-10.800181,-13.260456,-12.388863
136,-7.143751,-9.224233,-7.46937,-5.5450406,-8.499772,-7.780331,-8.634771,-9.297696,-9.322699,-8.094155,-9.192242,-7.2375393,-11.3249445,-7.64171,-9.191459,0.0,-6.576127,-9.679896,-11.336285,-8.831686
137,-13.293665,-9.969845,-13.08665,-13.639839,-7.5234957,-14.893423,-9.095338,-12.026842,-15.085124,-9.003162,-12.335433,-12.090619,-15.818865,-12.427206,-13.662586,-11.189463,-13.5170555,-13.634257,-11.706896,0.0
138,-7.496168,-8.970526,-8.260542,-9.599685,-12.757401,0.0,-10.0106735,-12.226599,-8.306807,-12.995092,-12.239019,-5.3121715,-14.623579,-10.520496,-8.308876,-5.657773,-8.357737,-11.26499,-14.695415,-11.971328
139,-9.554737,-8.673193,-15.976845,-15.295975,-10.208534,-12.77759,-14.034007,0.0,-13.823048,-7.2672253,-9.269346,-12.56032,-14.143447,-14.416422,-13.613526,-11.60699,-8.867441,-5.4391437,-13.827365,-11.628839
140,-5.7561874,-9.619771,-10.570544,-11.007733,-10.268789,-9.431104,-9.405869,-10.267607,-9.919465,-8.445061,-10.292072,-9.964693,0.0,-8.054216,-9.629496,-5.322338,-5.6005425,-8.934412,-14.532386,-11.4137745
141,-11.310063,-9.511064,-16.443663,-17.956009,0.0,-14.482702,-10.072468,-12.376318,-17.214258,-11.439358,-14.086674,-14.225031,-14.293226,-12.912157,-14.8721485,-9.9965925,-12.481825,-11.234556,-13.503304,-4.3939276
142,-12.368834,-12.902823,-16.99393,-15.552232,-13.397524,-15.19797,-15.026046,0.0,-13.609893,-7.8275533,-8.641553,-13.638274,-15.35667,-13.21665,-13.860283,-14.105165,-10.3348875,-7.690193,-16.644447,-14.068453
143,-11.572914,-14.540774,-10.455668,0.0,-16.13573,-12.5071745,-13.735743,-15.102114,-9.981016,-14.197197,-15.274957,-14.199966,-13.194102,-10.3248,-12.845309,-13.231688,-13.747108,-13.037214,-16.455307,-16.56208
144,-10.039364,-12.890324,-18.591312,-18.631517,-17.43499,-16.237947,-17.75092,-12.618418,-16.02883,-16.367613,-14.022392,-13.959603,-15.082992,-17.956913,-14.920327,-10.347776,0.0,-14.516732,-18.69896,-18.01901
145,-12.501716,-8.087217,-14.882923,-18.11557,-14.497536,-13.581203,-15.939414,-14.424545,-16.355576,-14.666352,-17.751717,-11.405431,-15.1368885,-17.979736,-14.621548,0.0,-11.520769,-15.65156,-16.579304,-14.647317
146,0.0,-15.374866,-19.303009,-18.941328,-19.37304,-13.044298,-21.269875,-16.396492,-19.436256,-18.266708,-18.192562,-18.242712,-15.222055,-20.608139,-19.069304,-10.41239,-13.11381,-15.170381,-20.521965,-21.563873
147,-15.907437,-15.339888,-18.636358,-15.758943,-17.854301,-17.762444,-15.267089,-15.072173,0.0,-13.819632,-15.426546,-14.642525,-18.300121,-13.434955,-9.597397,-14.194694,-15.322131,-16.466404,-18.185366,-16.871416
148,-7.6128135,-10.591183,-13.198369,-14.0653715,-13.160931,-9.881051,-11.7322235,-7.6246066,-12.21339,-10.12422,-10.134053,-6.3582153,-13.021305,-11.938383,-11.822447,-6.4002876,0.0,-9.872187,-15.779646,-12.824242
149,-13.782418,-10.759118,-17.44843,-17.257837,-16.04263,-10.637907,-10.865366,-16.192516,-8.13605,-13.998107,-14.594087,-12.463612,-13.4968405,-11.633366,0.0,-11.476597,-14.556847,-17.148277,-14.427419,-14.329793
150,-9.546352,-11.839231,-11.160166,-9.433126,-11.793125,-12.490495,-7.970307,-10.981517,-10.373298,-8.021501,-9.644948,-10.950783,-11.821293,0.0,-10.063389,-9.445725,-9.939291,-10.44435,-13.102699,-10.76589
151,-10.339714,-7.6639814,-11.095707,-11.933245,-12.315505,0.0,-8.920266,-14.925354,-7.480444,-11.996173,-9.769283,-2.7935896,-13.80654,-9.094648,-7.778531,-7.286374,-11.662544,-12.855833,-12.208097,-11.900451
152,-12.167442,-14.276966,-17.194006,-17.023958,-16.576174,-16.098946,-20.151533,-8.909119,-18.020054,-12.450903,-14.283555,-17.723104,-16.216982,-18.432693,-18.4058,-15.364896,-11.553261,0.0,-22.684355,-20.630178
153,-12.3353815,-15.21023,0.0,-2.602871,-15.331497,-10.938834,-13.922661,-15.832893,-10.105715,-16.12399,-16.786528,-11.311915,-15.93716,-12.2879305,-14.764162,-12.650378,-13.302182,-13.329074,-17.842447,-14.84599
154,-8.343657,-12.522419,0.0,-5.977866,-14.792554,-10.4364395,-9.012197,-12.702817,-9.180465,-12.4503355,-13.663944,-4.927189,-13.630405,-8.042181,-11.432188,-8.314159,-9.356999,-11.421091,-16.502668,-12.832675
155,0.0,-11.217728,-14.2738,-16.101185,-15.698498,-12.040764,-17.532293,-12.527813,-18.503868,-15.63615,-15.269825,-14.835725,-16.715569,-18.407837,-18.73254,-9.316368,-10.614938,-10.710233,-19.973282,-17.969732
156,-19.995043,-17.546108,-21.26881,-21.914839,0.0,-21.188866,-19.610987,-18.744473,-22.545954,-15.576685,-19.08482,-21.257626,-19.891356,-21.649195,-19.493788,-17.45392,-20.107267,-18.150316,-19.177658,-14.343893
157,-10.7499275,-9.181501,-13.666543,-12.756702,-6.720192,-12.798618,-6.33889,-10.607535,-12.6507,-9.4675455,-10.708544,-10.286826,-13.733803,-9.238619,-10.477619,-9.611081,-8.410936,-10.277314,-12.735869,0.0
158,-5.1178575,-9.1691675,-11.375481,-9.194513,-13.217855,-9.983637,-11.030195,-8.333676,-4.251833,-9.922675,-8.563483,-6.9777155,-16.992977,-8.642833,-7.651869,-5.7809534,0.0,-8.413332,-15.181812,-13.4656
159,-9.2284355,-11.945887,-17.78139,-16.84797,-8.251135,-17.065512,-15.554018,-6.1507354,-15.243113,0.0,-7.304642,-17.873066,-11.087145,-14.204353,-14.414274,-13.678101,-12.577593,-8.358433,-15.395218,-14.672703
160,-7.8290844,-11.101114,-16.078411,-16.049652,-14.318327,-14.080136,-15.193771,-8.830202,-14.452667,-9.898214,-9.225066,-13.779068,-14.502331,-14.526506,-13.003109,-11.390262,-8.051319,0.0,-16.528164,-15.339775
161,-13.299557,-10.464793,-15.323373,-14.345482,-15.07487,-11.260582,-9.806245,-13.459807,-9.627604,-11.635921,-11.864743,-12.403003,-13.097676,-10.000985,0.0,-11.318664,-11.252319,-13.969723,-10.984116,-13.916616
162,-10.864903,-14.342541,-9.140995,0.0,-17.316078,-11.8299055,-12.616894,-12.656398,-10.700179,-13.599975,-13.4554405,-12.44303,-18.875084,-8.720331,-13.163859,-13.240605,-12.554584,-11.762025,-17.899353,-15.695847
163,-13.153902,-14.270741,-17.895428,-18.28024,-14.804876,-15.034261,-15.943516,0.0,-15.523178,-10.3696785,-11.911512,-14.983144,-16.358286,-16.356096,-14.854775,-14.7418375,-12.884025,-9.11891,-17.212662,-16.23919
164,-11.817558,-11.100363,-12.971722,-12.398548,-14.102266,-12.163507,-9.537748,-10.652381,-4.513342,-10.767839,-9.824185,-7.4041004,-12.69898,-8.549029,0.0,-10.286659,-9.848346,-12.278538,-12.335714,-12.005921
165,-6.8843327,-7.587904,-10.037703,-8.441616,-9.210242,-8.261846,-6.875925,-7.1189966,0.0,-5.6756945,-5.409645,-7.175846,-10.929984,-4.7595377,-2.52239,-6.7880964,-6.740176,-6.577491,-10.137678,-9.399004
166,-5.9823775,-5.5432534,-8.138069,-8.158106,-3.842208,-6.9943204,0.0,-6.635302,-6.252785,-5.877783,-7.903909,-5.3355894,-6.9567833,-5.6101294,-5.248088,-5.8390326,-6.9395127,-6.4889946,-7.495974,-2.4963489
167,-6.342569,-7.759007,-8.458816,-7.097448,-9.249365,-6.129083,-7.0610657,-6.6660748,0.0,-5.8708363,-3.5786526,-6.0023546,-7.055905,-4.513233,-4.101712,-5.704447,-5.8927,-6.731337,-8.904501,-8.972438
168,-2.6772676,-4.341579,-3.714703,0.0,-5.6672006,-2.1705844,-3.8052392,-4.2591534,-0.4143141,-3.16333,-3.3221955,-2.1227746,-2.935072,-2.1039233,-1.8942282,-2.107309,-2.6924438,-3.6689987,-6.242751,-5.691942
169,-4.036735,-6.198468,-5.2453785,-4.2073703,-7.011715,-4.9481177,-5.481739,-6.097262,0.0,-5.507516,-5.9629726,-4.8144174,-5.0056877,-3.984155,-4.3699846,-4.405062,-4.5942564,-5.391287,-7.6465745,-6.828656
