Residue,,Total,Apolar,Backbone,Sidechain,Ratio(%),In/Out
MET,1,153.68,89.98,66.78,86.91,54.9,o
THR,2,65.8,36.36,6.35,59.45,56,o
GLU,3,82.25,26.19,15.05,67.21,47.6,
TYR,4,13.28,0.27,0.14,13.14,6.8,i
LYS,5,75.03,49.18,0,75.03,45.6,
LEU,6,0.3,0.01,0.29,0.01,0,i
VAL,7,0.94,0.94,0,0.94,0.8,i
VAL,8,0.02,0.02,0,0.02,0,i
VAL,9,2.04,2.04,0.27,1.77,1.4,i
GLY,10,5.86,0.02,5.86,0,6.7,i
ALA,11,21.53,21.53,6.99,14.55,22.4,
GLY,12,66.5,42.91,66.5,0,76.3,o
GLY,13,56.88,48.69,56.88,0,65.2,o
VAL,14,0.64,0.61,0.38,0.26,0.2,i
GLY,15,14.78,14.28,14.78,0,17,i
LYS,16,15.57,9.56,1.27,14.3,8.7,i
SER,17,22.36,13.21,0.72,21.64,28,
ALA,18,14.46,14.28,0.62,13.84,21.3,
LEU,19,0.08,0.08,0,0.08,0.1,i
THR,20,0,0,0,0,0,i
ILE,21,5.29,5.29,0,5.29,3.6,i
GLN,22,4.13,0,0,4.13,2.9,i
LEU,23,1.19,0.31,0.92,0.26,0.2,i
ILE,24,35.69,20.42,15.29,20.4,13.8,i
GLN,25,86.37,27.72,18.47,67.9,47.3,
ASN,26,98.6,28.87,20.53,78.07,68.3,o
HIS,27,88.78,79.24,6.58,82.2,53.2,o
PHE,28,80.46,60.22,20.24,60.22,33.4,
VAL,29,36.23,32.02,8.3,27.93,22.8,
ASP,30,125.15,33.69,26.99,98.16,86.9,o
GLU,31,141.88,69.11,18.78,123.1,87.2,o
TYR,32,56.09,42.66,17.3,38.79,20.1,
ASP,33,63.48,21,7.39,56.09,49.6,
PRO,34,100.8,89.99,20.82,79.98,76,o
THR,35,112.57,77.65,22.88,89.69,84.5,o
ILE,36,82.35,80.63,5.75,76.6,52,o
GLU,37,56.31,20.96,22.56,33.76,23.9,
ASP,38,66.97,8.15,5.2,61.77,54.7,o
SER,39,36.34,10.19,7.64,28.7,37.1,
TYR,40,37.16,31.84,4.34,32.81,17,i
ARG,41,115.45,48.19,18.68,96.77,49.5,
LYS,42,55.43,31.27,8.06,47.37,28.8,
GLN,43,55.55,35.64,19.92,35.64,24.8,
VAL,44,31.53,31.53,6.74,24.79,20.3,
VAL,45,92.67,75.39,17.28,75.39,61.6,o
ILE,46,6.75,6.75,3.91,2.85,1.9,i
ASP,47,99.57,46.29,40.21,59.36,52.5,o
GLY,48,67.93,39.83,67.93,0,77.9,o
GLU,49,119.39,33.58,4.45,114.95,81.4,o
THR,50,60.11,32.42,7.79,52.31,49.3,
CYS,51,0.51,0,0,0.51,0.5,i
LEU,52,39.67,39.67,0,39.67,27.1,
LEU,53,0,0,0,0,0,i
ASP,54,18.37,0.12,1.29,17.09,15.1,i
ILE,55,0,0,0,0,0,i
LEU,56,30.4,30.4,0,30.4,20.8,
ASP,57,0.12,0.02,0,0.12,0.1,i
THR,58,6.01,0.84,2.16,3.85,3.6,i
ALA,59,33.11,11.32,26.06,7.05,10.9,i
GLY,60,45.06,41.95,45.06,0,51.7,o
GLN,61,178.5,73.61,29.35,149.15,100,o
GLU,62,33.61,5.4,19.71,13.9,9.8,i
GLU,63,136.94,53.53,40.17,96.77,68.5,o
TYR,64,143.41,108.56,6.8,136.61,70.7,o
SER,65,67.52,32.55,8.4,59.11,76.4,o
ALA,66,70.02,67.15,6.84,63.17,97.3,o
MET,67,91.8,88.87,6.23,85.57,54.1,o
ARG,68,64.41,18.37,0,64.41,32.9,
ASP,69,40.39,9.16,0,40.39,35.7,
GLN,70,98.66,12.22,0,98.66,68.7,o
TYR,71,25.6,19.15,1.27,24.33,12.6,i
MET,72,2.33,2.33,0,2.33,1.5,i
ARG,73,127.51,59.79,17.73,109.78,56.2,o
THR,74,62.72,56.18,12.12,50.6,47.6,
GLY,75,0.38,0,0.38,0,0.4,i
GLU,76,57.7,28.27,5.55,52.15,36.9,
GLY,77,0,0,0,0,0,i
PHE,78,0,0,0,0,0,i
LEU,79,0.04,0.04,0,0.04,0,i
CYS,80,0.98,0.18,0,0.98,1,i
VAL,81,0,0,0,0,0,i
PHE,82,0.42,0.42,0,0.42,0.2,i
ALA,83,1.42,1.42,0,1.42,2.2,i
ILE,84,2.93,2.93,0,2.93,2,i
ASN,85,50.4,6.23,17.19,33.2,29.1,
ASN,86,53.28,18.96,6.48,46.8,40.9,
THR,87,66.27,59.29,2.19,64.08,60.3,o
LYS,88,149.96,107.77,3.66,146.3,88.9,o
SER,89,0.1,0.09,0.1,0,0,i
PHE,90,9.1,9.1,0,9.1,5.1,i
GLU,91,82.66,34.41,4.9,77.76,55.1,o
ASP,92,35.96,5.49,2.65,33.3,29.5,
ILE,93,0.67,0.67,0,0.67,0.5,i
HIS,94,86.23,70.45,4.25,81.98,53,o
HIS,95,87.83,72.07,4.4,83.43,54,o
TYR,96,35.14,18.06,0,35.14,18.2,i
ARG,97,19.75,8.03,0,19.75,10.1,i
GLU,98,74.96,25.58,5.63,69.33,49.1,
GLN,99,26.31,9.61,0.49,25.83,18,i
ILE,100,0,0,0,0,0,i
LYS,101,67.74,27.64,1.44,66.3,40.3,
ARG,102,160.7,76.42,20.54,140.16,71.7,o
VAL,103,32.98,20.61,20.95,12.03,9.8,i
LYS,104,51.76,27.7,22.84,28.92,17.6,i
ASP,105,131.83,33.83,21.31,110.52,97.8,o
SER,106,41.36,31.29,15.15,26.2,33.9,
GLU,107,86,70.99,16.41,69.6,49.3,
ASP,108,82.38,33.78,5.32,77.06,68.2,o
VAL,109,3.85,0.19,3.76,0.09,0.1,i
PRO,110,9.51,9.51,6.81,2.71,2.6,i
MET,111,0.37,0.34,0.02,0.34,0.2,i
VAL,112,0,0,0,0,0,i
LEU,113,0,0,0,0,0,i
VAL,114,0,0,0,0,0,i
GLY,115,0,0,0,0,0,i
ASN,116,1.59,0,0,1.59,1.4,i
LYS,117,55.19,25.96,2.05,53.14,32.3,
CYS,118,28.38,4.64,20.4,7.98,7.8,i
ASP,119,59.34,27.07,37.45,21.89,19.4,i
LEU,120,77.32,68.35,9,68.32,46.7,
PRO,121,107.49,105.59,17.1,90.39,85.9,o
SER,122,93.32,59.91,26.76,66.56,86,o
ARG,123,84.09,39.41,21.6,62.49,32,
THR,124,80.86,64.28,24.47,56.39,53.1,o
VAL,125,0.79,0.55,0.33,0.47,0.4,i
ASP,126,78.63,15,0.72,77.91,68.9,o
THR,127,66.78,58.04,1.13,65.66,61.8,o
LYS,128,144.52,117.91,4.6,139.92,85.1,o
GLN,129,69.11,36.69,7.75,61.36,42.7,
ALA,130,0.33,0.33,0,0.33,0.5,i
GLN,131,63.74,26.78,0,63.74,44.4,
ASP,132,53.54,27.09,4.03,49.52,43.8,
LEU,133,19.86,19.86,3.27,16.59,11.3,i
ALA,134,0,0,0,0,0,i
ARG,135,145.65,89.89,16,129.65,66.3,o
SER,136,85.55,55.63,42.11,43.44,56.1,o
TYR,137,46.89,32.35,19.21,27.68,14.3,i
GLY,138,66.15,41.16,66.15,0,75.9,o
ILE,139,17.65,11.24,9.45,8.21,5.6,i
PRO,140,40.5,40.5,13.06,27.44,26.1,
PHE,141,24.13,6.79,17.35,6.79,3.8,i
ILE,142,35.1,35.1,5.42,29.68,20.1,
GLU,143,32.56,14.08,5.98,26.58,18.8,i
THR,144,0,0,0,0,0,i
SER,145,0.4,0.4,0.1,0.31,0.4,i
ALA,146,4.8,3.65,1.16,3.65,5.6,i
LYS,147,122.3,64.96,14.51,107.79,65.5,o
THR,148,86.75,65.31,30.64,56.1,52.8,o
ARG,149,71.94,51.99,7.9,64.04,32.8,
GLN,150,102.51,40.3,14.88,87.63,61,o
GLY,151,12.24,7.49,12.24,0,14,i
VAL,152,0.18,0,0.18,0,0,i
ASP,153,49.81,19.29,0.26,49.55,43.8,
ASP,154,82.59,18.07,9.14,73.45,65,o
ALA,155,0.06,0.06,0,0.06,0.1,i
PHE,156,0.04,0.04,0,0.04,0,i
TYR,157,36.87,33.04,0,36.87,19.1,i
THR,158,27.74,14.38,0,27.74,26.1,
LEU,159,0.02,0.02,0,0.02,0,i
VAL,160,0,0,0,0,0,i
ARG,161,92.92,49.94,0.64,92.28,47.2,
GLU,162,23.57,0.53,2.21,21.37,15.1,i
ILE,163,0.41,0.41,0,0.41,0.3,i
ARG,164,41.65,37.49,1.91,39.74,20.3,
LYS,165,116.95,76.15,5.05,111.91,68,o
HIS,166,70.16,46.98,10.92,59.25,38.3,
LYS,167,112.59,69.39,35.43,77.16,46.9,
GLU,168,139.34,49.29,34.75,104.59,74.1,o
LYS,169,116.81,76.47,73.34,43.47,26.4,